[
  {
    "title": "",
    "media_list_data": [
      
    ],
    "string_list_data": [
      {
        "href": "https://www.instagram.com/daprrrrrrrrrrrrrrr",
        "value": "daprrrrrrrrrrrrrrr",
        "timestamp": 1751393743
      }
    ]
  },
  {
    "title": "",
    "media_list_data": [
      
    ],
    "string_list_data": [
      {
        "href": "https://www.instagram.com/bakedpotacoke",
        "value": "bakedpotacoke",
        "timestamp": 1751175763
      }
    ]
  },
  {
    "title": "",
    "media_list_data": [
      
    ],
    "string_list_data": [
      {
        "href": "https://www.instagram.com/raishakim_",
        "value": "raishakim_",
        "timestamp": 1750949554
      }
    ]
  },
  {
    "title": "",
    "media_list_data": [
      
    ],
    "string_list_data": [
      {
        "href": "https://www.instagram.com/gazzyptra",
        "value": "gazzyptra",
        "timestamp": 1750242221
      }
    ]
  },
  {
    "title": "",
    "media_list_data": [
      
    ],
    "string_list_data": [
      {
        "href": "https://www.instagram.com/pemainsakithati",
        "value": "pemainsakithati",
        "timestamp": 1749299096
      }
    ]
  },
  {
    "title": "",
    "media_list_data": [
      
    ],
    "string_list_data": [
      {
        "href": "https://www.instagram.com/jascon.jk",
        "value": "jascon.jk",
        "timestamp": 1746689922
      }
    ]
  },
  {
    "title": "",
    "media_list_data": [
      
    ],
    "string_list_data": [
      {
        "href": "https://www.instagram.com/eddwwarddddd",
        "value": "eddwwarddddd",
        "timestamp": 1745840313
      }
    ]
  },
  {
    "title": "",
    "media_list_data": [
      
    ],
    "string_list_data": [
      {
        "href": "https://www.instagram.com/crshaurellia",
        "value": "crshaurellia",
        "timestamp": 1744916686
      }
    ]
  },
  {
    "title": "",
    "media_list_data": [
      
    ],
    "string_list_data": [
      {
        "href": "https://www.instagram.com/shyllarss",
        "value": "shyllarss",
        "timestamp": 1744775078
      }
    ]
  },
  {
    "title": "",
    "media_list_data": [
      
    ],
    "string_list_data": [
      {
        "href": "https://www.instagram.com/syafa_alz",
        "value": "syafa_alz",
        "timestamp": 1744186091
      }
    ]
  },
  {
    "title": "",
    "media_list_data": [
      
    ],
    "string_list_data": [
      {
        "href": "https://www.instagram.com/alfiyarofii",
        "value": "alfiyarofii",
        "timestamp": 1744039999
      }
    ]
  },
  {
    "title": "",
    "media_list_data": [
      
    ],
    "string_list_data": [
      {
        "href": "https://www.instagram.com/luvlann_",
        "value": "luvlann_",
        "timestamp": 1743908997
      }
    ]
  },
  {
    "title": "",
    "media_list_data": [
      
    ],
    "string_list_data": [
      {
        "href": "https://www.instagram.com/khalst.al",
        "value": "khalst.al",
        "timestamp": 1743660585
      }
    ]
  },
  {
    "title": "",
    "media_list_data": [
      
    ],
    "string_list_data": [
      {
        "href": "https://www.instagram.com/svhrl_",
        "value": "svhrl_",
        "timestamp": 1743591248
      }
    ]
  },
  {
    "title": "",
    "media_list_data": [
      
    ],
    "string_list_data": [
      {
        "href": "https://www.instagram.com/andika.sinatrya",
        "value": "andika.sinatrya",
        "timestamp": 1743380204
      }
    ]
  },
  {
    "title": "",
    "media_list_data": [
      
    ],
    "string_list_data": [
      {
        "href": "https://www.instagram.com/sweetberrwy",
        "value": "sweetberrwy",
        "timestamp": 1743255281
      }
    ]
  },
  {
    "title": "",
    "media_list_data": [
      
    ],
    "string_list_data": [
      {
        "href": "https://www.instagram.com/poseijen",
        "value": "poseijen",
        "timestamp": 1737071251
      }
    ]
  },
  {
    "title": "",
    "media_list_data": [
      
    ],
    "string_list_data": [
      {
        "href": "https://www.instagram.com/pemuda.ngasal",
        "value": "pemuda.ngasal",
        "timestamp": 1733364539
      }
    ]
  },
  {
    "title": "",
    "media_list_data": [
      
    ],
    "string_list_data": [
      {
        "href": "https://www.instagram.com/nats9.n",
        "value": "nats9.n",
        "timestamp": 1733277992
      }
    ]
  },
  {
    "title": "",
    "media_list_data": [
      
    ],
    "string_list_data": [
      {
        "href": "https://www.instagram.com/saadrizky_",
        "value": "saadrizky_",
        "timestamp": 1727539607
      }
    ]
  },
  {
    "title": "",
    "media_list_data": [
      
    ],
    "string_list_data": [
      {
        "href": "https://www.instagram.com/heiitayooo24",
        "value": "heiitayooo24",
        "timestamp": 1726920918
      }
    ]
  },
  {
    "title": "",
    "media_list_data": [
      
    ],
    "string_list_data": [
      {
        "href": "https://www.instagram.com/tsanazaa",
        "value": "tsanazaa",
        "timestamp": 1725892287
      }
    ]
  },
  {
    "title": "",
    "media_list_data": [
      
    ],
    "string_list_data": [
      {
        "href": "https://www.instagram.com/halotsanadisini",
        "value": "halotsanadisini",
        "timestamp": 1725722286
      }
    ]
  },
  {
    "title": "",
    "media_list_data": [
      
    ],
    "string_list_data": [
      {
        "href": "https://www.instagram.com/trully.pvds_",
        "value": "trully.pvds_",
        "timestamp": 1725621839
      }
    ]
  },
  {
    "title": "",
    "media_list_data": [
      
    ],
    "string_list_data": [
      {
        "href": "https://www.instagram.com/hilmihaziiq",
        "value": "hilmihaziiq",
        "timestamp": 1724929297
      }
    ]
  },
  {
    "title": "",
    "media_list_data": [
      
    ],
    "string_list_data": [
      {
        "href": "https://www.instagram.com/tellmedaps",
        "value": "tellmedaps",
        "timestamp": 1723700686
      }
    ]
  },
  {
    "title": "",
    "media_list_data": [
      
    ],
    "string_list_data": [
      {
        "href": "https://www.instagram.com/haidarzhafran_06",
        "value": "haidarzhafran_06",
        "timestamp": 1723378680
      }
    ]
  },
  {
    "title": "",
    "media_list_data": [
      
    ],
    "string_list_data": [
      {
        "href": "https://www.instagram.com/_pheppe",
        "value": "_pheppe",
        "timestamp": 1714787957
      }
    ]
  },
  {
    "title": "",
    "media_list_data": [
      
    ],
    "string_list_data": [
      {
        "href": "https://www.instagram.com/whodoyouknow_",
        "value": "whodoyouknow_",
        "timestamp": 1714579140
      }
    ]
  },
  {
    "title": "",
    "media_list_data": [
      
    ],
    "string_list_data": [
      {
        "href": "https://www.instagram.com/arkhnali",
        "value": "arkhnali",
        "timestamp": 1714578306
      }
    ]
  },
  {
    "title": "",
    "media_list_data": [
      
    ],
    "string_list_data": [
      {
        "href": "https://www.instagram.com/dapaa.aull",
        "value": "dapaa.aull",
        "timestamp": 1714567606
      }
    ]
  },
  {
    "title": "",
    "media_list_data": [
      
    ],
    "string_list_data": [
      {
        "href": "https://www.instagram.com/atallawibii",
        "value": "atallawibii",
        "timestamp": 1708483316
      }
    ]
  },
  {
    "title": "",
    "media_list_data": [
      
    ],
    "string_list_data": [
      {
        "href": "https://www.instagram.com/fabiano.rf01",
        "value": "fabiano.rf01",
        "timestamp": 1707753818
      }
    ]
  },
  {
    "title": "",
    "media_list_data": [
      
    ],
    "string_list_data": [
      {
        "href": "https://www.instagram.com/sekarraisa",
        "value": "sekarraisa",
        "timestamp": 1707750563
      }
    ]
  },
  {
    "title": "",
    "media_list_data": [
      
    ],
    "string_list_data": [
      {
        "href": "https://www.instagram.com/gis_delia",
        "value": "gis_delia",
        "timestamp": 1707302871
      }
    ]
  },
  {
    "title": "",
    "media_list_data": [
      
    ],
    "string_list_data": [
      {
        "href": "https://www.instagram.com/naylanaylnss",
        "value": "naylanaylnss",
        "timestamp": 1705681452
      }
    ]
  },
  {
    "title": "",
    "media_list_data": [
      
    ],
    "string_list_data": [
      {
        "href": "https://www.instagram.com/aquhype",
        "value": "aquhype",
        "timestamp": 1704791520
      }
    ]
  },
  {
    "title": "",
    "media_list_data": [
      
    ],
    "string_list_data": [
      {
        "href": "https://www.instagram.com/amacrisn",
        "value": "amacrisn",
        "timestamp": 1704085014
      }
    ]
  },
  {
    "title": "",
    "media_list_data": [
      
    ],
    "string_list_data": [
      {
        "href": "https://www.instagram.com/alfabelmuhammad",
        "value": "alfabelmuhammad",
        "timestamp": 1703950997
      }
    ]
  },
  {
    "title": "",
    "media_list_data": [
      
    ],
    "string_list_data": [
      {
        "href": "https://www.instagram.com/shaow_wlkr",
        "value": "shaow_wlkr",
        "timestamp": 1703941055
      }
    ]
  },
  {
    "title": "",
    "media_list_data": [
      
    ],
    "string_list_data": [
      {
        "href": "https://www.instagram.com/ndaatys",
        "value": "ndaatys",
        "timestamp": 1703941047
      }
    ]
  },
  {
    "title": "",
    "media_list_data": [
      
    ],
    "string_list_data": [
      {
        "href": "https://www.instagram.com/isansekerta",
        "value": "isansekerta",
        "timestamp": 1703922370
      }
    ]
  },
  {
    "title": "",
    "media_list_data": [
      
    ],
    "string_list_data": [
      {
        "href": "https://www.instagram.com/haiklsasongko",
        "value": "haiklsasongko",
        "timestamp": 1703922368
      }
    ]
  },
  {
    "title": "",
    "media_list_data": [
      
    ],
    "string_list_data": [
      {
        "href": "https://www.instagram.com/raflyalif14",
        "value": "raflyalif14",
        "timestamp": 1703917159
      }
    ]
  },
  {
    "title": "",
    "media_list_data": [
      
    ],
    "string_list_data": [
      {
        "href": "https://www.instagram.com/_ssaalsha_",
        "value": "_ssaalsha_",
        "timestamp": 1703816572
      }
    ]
  },
  {
    "title": "",
    "media_list_data": [
      
    ],
    "string_list_data": [
      {
        "href": "https://www.instagram.com/safinaqai",
        "value": "safinaqai",
        "timestamp": 1703657970
      }
    ]
  },
  {
    "title": "",
    "media_list_data": [
      
    ],
    "string_list_data": [
      {
        "href": "https://www.instagram.com/elvirabelindaas",
        "value": "elvirabelindaas",
        "timestamp": 1702950203
      }
    ]
  },
  {
    "title": "",
    "media_list_data": [
      
    ],
    "string_list_data": [
      {
        "href": "https://www.instagram.com/tammam04",
        "value": "tammam04",
        "timestamp": 1701756655
      }
    ]
  },
  {
    "title": "",
    "media_list_data": [
      
    ],
    "string_list_data": [
      {
        "href": "https://www.instagram.com/azrilkamal27_",
        "value": "azrilkamal27_",
        "timestamp": 1701753832
      }
    ]
  },
  {
    "title": "",
    "media_list_data": [
      
    ],
    "string_list_data": [
      {
        "href": "https://www.instagram.com/kalycarn",
        "value": "kalycarn",
        "timestamp": 1700487807
      }
    ]
  },
  {
    "title": "",
    "media_list_data": [
      
    ],
    "string_list_data": [
      {
        "href": "https://www.instagram.com/meiliduchessa",
        "value": "meiliduchessa",
        "timestamp": 1700463305
      }
    ]
  },
  {
    "title": "",
    "media_list_data": [
      
    ],
    "string_list_data": [
      {
        "href": "https://www.instagram.com/nl.rizzw",
        "value": "nl.rizzw",
        "timestamp": 1698747799
      }
    ]
  },
  {
    "title": "",
    "media_list_data": [
      
    ],
    "string_list_data": [
      {
        "href": "https://www.instagram.com/zhrbyn_",
        "value": "zhrbyn_",
        "timestamp": 1698581279
      }
    ]
  },
  {
    "title": "",
    "media_list_data": [
      
    ],
    "string_list_data": [
      {
        "href": "https://www.instagram.com/mawlibrahim",
        "value": "mawlibrahim",
        "timestamp": 1698458800
      }
    ]
  },
  {
    "title": "",
    "media_list_data": [
      
    ],
    "string_list_data": [
      {
        "href": "https://www.instagram.com/cint.aa",
        "value": "cint.aa",
        "timestamp": 1698385613
      }
    ]
  },
  {
    "title": "",
    "media_list_data": [
      
    ],
    "string_list_data": [
      {
        "href": "https://www.instagram.com/irennbbn",
        "value": "irennbbn",
        "timestamp": 1698380519
      }
    ]
  },
  {
    "title": "",
    "media_list_data": [
      
    ],
    "string_list_data": [
      {
        "href": "https://www.instagram.com/carissa.syahbani",
        "value": "carissa.syahbani",
        "timestamp": 1698379521
      }
    ]
  },
  {
    "title": "",
    "media_list_data": [
      
    ],
    "string_list_data": [
      {
        "href": "https://www.instagram.com/saadann_",
        "value": "saadann_",
        "timestamp": 1698379431
      }
    ]
  },
  {
    "title": "",
    "media_list_data": [
      
    ],
    "string_list_data": [
      {
        "href": "https://www.instagram.com/akulims",
        "value": "akulims",
        "timestamp": 1698373496
      }
    ]
  },
  {
    "title": "",
    "media_list_data": [
      
    ],
    "string_list_data": [
      {
        "href": "https://www.instagram.com/zkryuu0",
        "value": "zkryuu0",
        "timestamp": 1698311210
      }
    ]
  },
  {
    "title": "",
    "media_list_data": [
      
    ],
    "string_list_data": [
      {
        "href": "https://www.instagram.com/arrz_prat",
        "value": "arrz_prat",
        "timestamp": 1697968996
      }
    ]
  },
  {
    "title": "",
    "media_list_data": [
      
    ],
    "string_list_data": [
      {
        "href": "https://www.instagram.com/daffa.hanif_",
        "value": "daffa.hanif_",
        "timestamp": 1697886602
      }
    ]
  },
  {
    "title": "",
    "media_list_data": [
      
    ],
    "string_list_data": [
      {
        "href": "https://www.instagram.com/nuuwuun",
        "value": "nuuwuun",
        "timestamp": 1697884679
      }
    ]
  },
  {
    "title": "",
    "media_list_data": [
      
    ],
    "string_list_data": [
      {
        "href": "https://www.instagram.com/nuugee.__",
        "value": "nuugee.__",
        "timestamp": 1697884679
      }
    ]
  },
  {
    "title": "",
    "media_list_data": [
      
    ],
    "string_list_data": [
      {
        "href": "https://www.instagram.com/rofiffwaazz_",
        "value": "rofiffwaazz_",
        "timestamp": 1697884678
      }
    ]
  },
  {
    "title": "",
    "media_list_data": [
      
    ],
    "string_list_data": [
      {
        "href": "https://www.instagram.com/franslesino_",
        "value": "franslesino_",
        "timestamp": 1697883166
      }
    ]
  },
  {
    "title": "",
    "media_list_data": [
      
    ],
    "string_list_data": [
      {
        "href": "https://www.instagram.com/akram__daffa",
        "value": "akram__daffa",
        "timestamp": 1697883144
      }
    ]
  },
  {
    "title": "",
    "media_list_data": [
      
    ],
    "string_list_data": [
      {
        "href": "https://www.instagram.com/musangclass",
        "value": "musangclass",
        "timestamp": 1697534942
      }
    ]
  },
  {
    "title": "",
    "media_list_data": [
      
    ],
    "string_list_data": [
      {
        "href": "https://www.instagram.com/pradika.18",
        "value": "pradika.18",
        "timestamp": 1697444060
      }
    ]
  },
  {
    "title": "",
    "media_list_data": [
      
    ],
    "string_list_data": [
      {
        "href": "https://www.instagram.com/shidqiii_",
        "value": "shidqiii_",
        "timestamp": 1697438012
      }
    ]
  },
  {
    "title": "",
    "media_list_data": [
      
    ],
    "string_list_data": [
      {
        "href": "https://www.instagram.com/erviinnnnn",
        "value": "erviinnnnn",
        "timestamp": 1697429730
      }
    ]
  },
  {
    "title": "",
    "media_list_data": [
      
    ],
    "string_list_data": [
      {
        "href": "https://www.instagram.com/zen.drs",
        "value": "zen.drs",
        "timestamp": 1696913316
      }
    ]
  },
  {
    "title": "",
    "media_list_data": [
      
    ],
    "string_list_data": [
      {
        "href": "https://www.instagram.com/nyndra.aj",
        "value": "nyndra.aj",
        "timestamp": 1696806853
      }
    ]
  },
  {
    "title": "",
    "media_list_data": [
      
    ],
    "string_list_data": [
      {
        "href": "https://www.instagram.com/byyyaaan",
        "value": "byyyaaan",
        "timestamp": 1696600448
      }
    ]
  },
  {
    "title": "",
    "media_list_data": [
      
    ],
    "string_list_data": [
      {
        "href": "https://www.instagram.com/naufaldhafa",
        "value": "naufaldhafa",
        "timestamp": 1696588501
      }
    ]
  },
  {
    "title": "",
    "media_list_data": [
      
    ],
    "string_list_data": [
      {
        "href": "https://www.instagram.com/akbarfaa",
        "value": "akbarfaa",
        "timestamp": 1696495435
      }
    ]
  },
  {
    "title": "",
    "media_list_data": [
      
    ],
    "string_list_data": [
      {
        "href": "https://www.instagram.com/xelmazl",
        "value": "xelmazl",
        "timestamp": 1695565395
      }
    ]
  },
  {
    "title": "",
    "media_list_data": [
      
    ],
    "string_list_data": [
      {
        "href": "https://www.instagram.com/passsyah",
        "value": "passsyah",
        "timestamp": 1695434955
      }
    ]
  },
  {
    "title": "",
    "media_list_data": [
      
    ],
    "string_list_data": [
      {
        "href": "https://www.instagram.com/superrhikari",
        "value": "superrhikari",
        "timestamp": 1695405890
      }
    ]
  },
  {
    "title": "",
    "media_list_data": [
      
    ],
    "string_list_data": [
      {
        "href": "https://www.instagram.com/_hardz",
        "value": "_hardz",
        "timestamp": 1695394048
      }
    ]
  },
  {
    "title": "",
    "media_list_data": [
      
    ],
    "string_list_data": [
      {
        "href": "https://www.instagram.com/rafiff_16",
        "value": "rafiff_16",
        "timestamp": 1695388875
      }
    ]
  },
  {
    "title": "",
    "media_list_data": [
      
    ],
    "string_list_data": [
      {
        "href": "https://www.instagram.com/sabil_aditia",
        "value": "sabil_aditia",
        "timestamp": 1694597748
      }
    ]
  },
  {
    "title": "",
    "media_list_data": [
      
    ],
    "string_list_data": [
      {
        "href": "https://www.instagram.com/karinawsr",
        "value": "karinawsr",
        "timestamp": 1694328437
      }
    ]
  },
  {
    "title": "",
    "media_list_data": [
      
    ],
    "string_list_data": [
      {
        "href": "https://www.instagram.com/dimasnceka",
        "value": "dimasnceka",
        "timestamp": 1693981801
      }
    ]
  },
  {
    "title": "",
    "media_list_data": [
      
    ],
    "string_list_data": [
      {
        "href": "https://www.instagram.com/deandrxxa",
        "value": "deandrxxa",
        "timestamp": 1693929805
      }
    ]
  },
  {
    "title": "",
    "media_list_data": [
      
    ],
    "string_list_data": [
      {
        "href": "https://www.instagram.com/acmd_zkrn",
        "value": "acmd_zkrn",
        "timestamp": 1693773142
      }
    ]
  },
  {
    "title": "",
    "media_list_data": [
      
    ],
    "string_list_data": [
      {
        "href": "https://www.instagram.com/dhafin_wey",
        "value": "dhafin_wey",
        "timestamp": 1693759659
      }
    ]
  },
  {
    "title": "",
    "media_list_data": [
      
    ],
    "string_list_data": [
      {
        "href": "https://www.instagram.com/ardhyatma.h.a",
        "value": "ardhyatma.h.a",
        "timestamp": 1693742194
      }
    ]
  },
  {
    "title": "",
    "media_list_data": [
      
    ],
    "string_list_data": [
      {
        "href": "https://www.instagram.com/dewihn._",
        "value": "dewihn._",
        "timestamp": 1693579625
      }
    ]
  },
  {
    "title": "",
    "media_list_data": [
      
    ],
    "string_list_data": [
      {
        "href": "https://www.instagram.com/azntsl",
        "value": "azntsl",
        "timestamp": 1693559823
      }
    ]
  },
  {
    "title": "",
    "media_list_data": [
      
    ],
    "string_list_data": [
      {
        "href": "https://www.instagram.com/trinikko",
        "value": "trinikko",
        "timestamp": 1693512091
      }
    ]
  },
  {
    "title": "",
    "media_list_data": [
      
    ],
    "string_list_data": [
      {
        "href": "https://www.instagram.com/araav.z",
        "value": "araav.z",
        "timestamp": 1693502837
      }
    ]
  },
  {
    "title": "",
    "media_list_data": [
      
    ],
    "string_list_data": [
      {
        "href": "https://www.instagram.com/zhrahprn",
        "value": "zhrahprn",
        "timestamp": 1693502154
      }
    ]
  },
  {
    "title": "",
    "media_list_data": [
      
    ],
    "string_list_data": [
      {
        "href": "https://www.instagram.com/_fvboymybe",
        "value": "_fvboymybe",
        "timestamp": 1693501405
      }
    ]
  },
  {
    "title": "",
    "media_list_data": [
      
    ],
    "string_list_data": [
      {
        "href": "https://www.instagram.com/evirous.yk",
        "value": "evirous.yk",
        "timestamp": 1693500783
      }
    ]
  },
  {
    "title": "",
    "media_list_data": [
      
    ],
    "string_list_data": [
      {
        "href": "https://www.instagram.com/syifaafauziiaah",
        "value": "syifaafauziiaah",
        "timestamp": 1693368794
      }
    ]
  },
  {
    "title": "",
    "media_list_data": [
      
    ],
    "string_list_data": [
      {
        "href": "https://www.instagram.com/cosmicitrus",
        "value": "cosmicitrus",
        "timestamp": 1692990849
      }
    ]
  },
  {
    "title": "",
    "media_list_data": [
      
    ],
    "string_list_data": [
      {
        "href": "https://www.instagram.com/allyazxn",
        "value": "allyazxn",
        "timestamp": 1692961777
      }
    ]
  },
  {
    "title": "",
    "media_list_data": [
      
    ],
    "string_list_data": [
      {
        "href": "https://www.instagram.com/nr.ginaaz",
        "value": "nr.ginaaz",
        "timestamp": 1692929331
      }
    ]
  },
  {
    "title": "",
    "media_list_data": [
      
    ],
    "string_list_data": [
      {
        "href": "https://www.instagram.com/tirthadamar",
        "value": "tirthadamar",
        "timestamp": 1692899848
      }
    ]
  },
  {
    "title": "",
    "media_list_data": [
      
    ],
    "string_list_data": [
      {
        "href": "https://www.instagram.com/iam.aliyasrn",
        "value": "iam.aliyasrn",
        "timestamp": 1692899840
      }
    ]
  },
  {
    "title": "",
    "media_list_data": [
      
    ],
    "string_list_data": [
      {
        "href": "https://www.instagram.com/febirafaza",
        "value": "febirafaza",
        "timestamp": 1692883797
      }
    ]
  },
  {
    "title": "",
    "media_list_data": [
      
    ],
    "string_list_data": [
      {
        "href": "https://www.instagram.com/dindaax.x",
        "value": "dindaax.x",
        "timestamp": 1692876613
      }
    ]
  },
  {
    "title": "",
    "media_list_data": [
      
    ],
    "string_list_data": [
      {
        "href": "https://www.instagram.com/nadiafauu",
        "value": "nadiafauu",
        "timestamp": 1692876565
      }
    ]
  },
  {
    "title": "",
    "media_list_data": [
      
    ],
    "string_list_data": [
      {
        "href": "https://www.instagram.com/dhan.ammm",
        "value": "dhan.ammm",
        "timestamp": 1692866569
      }
    ]
  },
  {
    "title": "",
    "media_list_data": [
      
    ],
    "string_list_data": [
      {
        "href": "https://www.instagram.com/najwaaar_",
        "value": "najwaaar_",
        "timestamp": 1692862271
      }
    ]
  },
  {
    "title": "",
    "media_list_data": [
      
    ],
    "string_list_data": [
      {
        "href": "https://www.instagram.com/sallmaa.as",
        "value": "sallmaa.as",
        "timestamp": 1692861158
      }
    ]
  },
  {
    "title": "",
    "media_list_data": [
      
    ],
    "string_list_data": [
      {
        "href": "https://www.instagram.com/sznraff",
        "value": "sznraff",
        "timestamp": 1692860945
      }
    ]
  },
  {
    "title": "",
    "media_list_data": [
      
    ],
    "string_list_data": [
      {
        "href": "https://www.instagram.com/hammad_.21",
        "value": "hammad_.21",
        "timestamp": 1692860938
      }
    ]
  },
  {
    "title": "",
    "media_list_data": [
      
    ],
    "string_list_data": [
      {
        "href": "https://www.instagram.com/nadiariesta_",
        "value": "nadiariesta_",
        "timestamp": 1692860723
      }
    ]
  },
  {
    "title": "",
    "media_list_data": [
      
    ],
    "string_list_data": [
      {
        "href": "https://www.instagram.com/maylfzh",
        "value": "maylfzh",
        "timestamp": 1692692604
      }
    ]
  },
  {
    "title": "",
    "media_list_data": [
      
    ],
    "string_list_data": [
      {
        "href": "https://www.instagram.com/_khaylila_safitri",
        "value": "_khaylila_safitri",
        "timestamp": 1692687251
      }
    ]
  },
  {
    "title": "",
    "media_list_data": [
      
    ],
    "string_list_data": [
      {
        "href": "https://www.instagram.com/ekalioz_",
        "value": "ekalioz_",
        "timestamp": 1692686839
      }
    ]
  },
  {
    "title": "",
    "media_list_data": [
      
    ],
    "string_list_data": [
      {
        "href": "https://www.instagram.com/alyazzhras",
        "value": "alyazzhras",
        "timestamp": 1692685898
      }
    ]
  },
  {
    "title": "",
    "media_list_data": [
      
    ],
    "string_list_data": [
      {
        "href": "https://www.instagram.com/dwsk8_",
        "value": "dwsk8_",
        "timestamp": 1692685464
      }
    ]
  },
  {
    "title": "",
    "media_list_data": [
      
    ],
    "string_list_data": [
      {
        "href": "https://www.instagram.com/ndzr_25",
        "value": "ndzr_25",
        "timestamp": 1692685117
      }
    ]
  },
  {
    "title": "",
    "media_list_data": [
      
    ],
    "string_list_data": [
      {
        "href": "https://www.instagram.com/rnndgs_",
        "value": "rnndgs_",
        "timestamp": 1692685078
      }
    ]
  },
  {
    "title": "",
    "media_list_data": [
      
    ],
    "string_list_data": [
      {
        "href": "https://www.instagram.com/rifqidwin_",
        "value": "rifqidwin_",
        "timestamp": 1692684645
      }
    ]
  },
  {
    "title": "",
    "media_list_data": [
      
    ],
    "string_list_data": [
      {
        "href": "https://www.instagram.com/_daneraf",
        "value": "_daneraf",
        "timestamp": 1692551465
      }
    ]
  },
  {
    "title": "",
    "media_list_data": [
      
    ],
    "string_list_data": [
      {
        "href": "https://www.instagram.com/rachelladelinee",
        "value": "rachelladelinee",
        "timestamp": 1691669417
      }
    ]
  },
  {
    "title": "",
    "media_list_data": [
      
    ],
    "string_list_data": [
      {
        "href": "https://www.instagram.com/putrrandini",
        "value": "putrrandini",
        "timestamp": 1691057659
      }
    ]
  },
  {
    "title": "",
    "media_list_data": [
      
    ],
    "string_list_data": [
      {
        "href": "https://www.instagram.com/elfiraays",
        "value": "elfiraays",
        "timestamp": 1690899154
      }
    ]
  },
  {
    "title": "",
    "media_list_data": [
      
    ],
    "string_list_data": [
      {
        "href": "https://www.instagram.com/max.desanta",
        "value": "max.desanta",
        "timestamp": 1690885662
      }
    ]
  },
  {
    "title": "",
    "media_list_data": [
      
    ],
    "string_list_data": [
      {
        "href": "https://www.instagram.com/henokhrdlfx",
        "value": "henokhrdlfx",
        "timestamp": 1690865912
      }
    ]
  },
  {
    "title": "",
    "media_list_data": [
      
    ],
    "string_list_data": [
      {
        "href": "https://www.instagram.com/taryvandeyraa",
        "value": "taryvandeyraa",
        "timestamp": 1690672635
      }
    ]
  },
  {
    "title": "",
    "media_list_data": [
      
    ],
    "string_list_data": [
      {
        "href": "https://www.instagram.com/rifaamdht",
        "value": "rifaamdht",
        "timestamp": 1690612916
      }
    ]
  },
  {
    "title": "",
    "media_list_data": [
      
    ],
    "string_list_data": [
      {
        "href": "https://www.instagram.com/maryamhptrni",
        "value": "maryamhptrni",
        "timestamp": 1690558972
      }
    ]
  },
  {
    "title": "",
    "media_list_data": [
      
    ],
    "string_list_data": [
      {
        "href": "https://www.instagram.com/kimel.p",
        "value": "kimel.p",
        "timestamp": 1690544843
      }
    ]
  },
  {
    "title": "",
    "media_list_data": [
      
    ],
    "string_list_data": [
      {
        "href": "https://www.instagram.com/jniorannda",
        "value": "jniorannda",
        "timestamp": 1690534482
      }
    ]
  },
  {
    "title": "",
    "media_list_data": [
      
    ],
    "string_list_data": [
      {
        "href": "https://www.instagram.com/leeebs_",
        "value": "leeebs_",
        "timestamp": 1690338718
      }
    ]
  },
  {
    "title": "",
    "media_list_data": [
      
    ],
    "string_list_data": [
      {
        "href": "https://www.instagram.com/tgr.rzky1",
        "value": "tgr.rzky1",
        "timestamp": 1690299290
      }
    ]
  },
  {
    "title": "",
    "media_list_data": [
      
    ],
    "string_list_data": [
      {
        "href": "https://www.instagram.com/mednoob",
        "value": "mednoob",
        "timestamp": 1690298260
      }
    ]
  },
  {
    "title": "",
    "media_list_data": [
      
    ],
    "string_list_data": [
      {
        "href": "https://www.instagram.com/angelcalliistaa",
        "value": "angelcalliistaa",
        "timestamp": 1690297164
      }
    ]
  },
  {
    "title": "",
    "media_list_data": [
      
    ],
    "string_list_data": [
      {
        "href": "https://www.instagram.com/achmd.dhani",
        "value": "achmd.dhani",
        "timestamp": 1690296675
      }
    ]
  },
  {
    "title": "",
    "media_list_data": [
      
    ],
    "string_list_data": [
      {
        "href": "https://www.instagram.com/mutiiaraps",
        "value": "mutiiaraps",
        "timestamp": 1690206082
      }
    ]
  },
  {
    "title": "",
    "media_list_data": [
      
    ],
    "string_list_data": [
      {
        "href": "https://www.instagram.com/febbyydwii",
        "value": "febbyydwii",
        "timestamp": 1690174484
      }
    ]
  },
  {
    "title": "",
    "media_list_data": [
      
    ],
    "string_list_data": [
      {
        "href": "https://www.instagram.com/mutiarauraa_",
        "value": "mutiarauraa_",
        "timestamp": 1690081275
      }
    ]
  },
  {
    "title": "",
    "media_list_data": [
      
    ],
    "string_list_data": [
      {
        "href": "https://www.instagram.com/aliyyakhansa",
        "value": "aliyyakhansa",
        "timestamp": 1690024005
      }
    ]
  },
  {
    "title": "",
    "media_list_data": [
      
    ],
    "string_list_data": [
      {
        "href": "https://www.instagram.com/rzki_arrrr",
        "value": "rzki_arrrr",
        "timestamp": 1690023049
      }
    ]
  },
  {
    "title": "",
    "media_list_data": [
      
    ],
    "string_list_data": [
      {
        "href": "https://www.instagram.com/juliantidnd_",
        "value": "juliantidnd_",
        "timestamp": 1690020867
      }
    ]
  },
  {
    "title": "",
    "media_list_data": [
      
    ],
    "string_list_data": [
      {
        "href": "https://www.instagram.com/miilkwatt",
        "value": "miilkwatt",
        "timestamp": 1690020692
      }
    ]
  },
  {
    "title": "",
    "media_list_data": [
      
    ],
    "string_list_data": [
      {
        "href": "https://www.instagram.com/jastinputrapetir",
        "value": "jastinputrapetir",
        "timestamp": 1689956449
      }
    ]
  },
  {
    "title": "",
    "media_list_data": [
      
    ],
    "string_list_data": [
      {
        "href": "https://www.instagram.com/arrmeeennn",
        "value": "arrmeeennn",
        "timestamp": 1689919278
      }
    ]
  },
  {
    "title": "",
    "media_list_data": [
      
    ],
    "string_list_data": [
      {
        "href": "https://www.instagram.com/ameezuffinn_",
        "value": "ameezuffinn_",
        "timestamp": 1689662879
      }
    ]
  },
  {
    "title": "",
    "media_list_data": [
      
    ],
    "string_list_data": [
      {
        "href": "https://www.instagram.com/bil0ne3y",
        "value": "bil0ne3y",
        "timestamp": 1689497234
      }
    ]
  },
  {
    "title": "",
    "media_list_data": [
      
    ],
    "string_list_data": [
      {
        "href": "https://www.instagram.com/patur.rhmnn",
        "value": "patur.rhmnn",
        "timestamp": 1688044062
      }
    ]
  },
  {
    "title": "",
    "media_list_data": [
      
    ],
    "string_list_data": [
      {
        "href": "https://www.instagram.com/dontmesswithdean",
        "value": "dontmesswithdean",
        "timestamp": 1686572249
      }
    ]
  },
  {
    "title": "",
    "media_list_data": [
      
    ],
    "string_list_data": [
      {
        "href": "https://www.instagram.com/nizmabawazier",
        "value": "nizmabawazier",
        "timestamp": 1686379294
      }
    ]
  },
  {
    "title": "",
    "media_list_data": [
      
    ],
    "string_list_data": [
      {
        "href": "https://www.instagram.com/hisyamaulanaaa",
        "value": "hisyamaulanaaa",
        "timestamp": 1685693278
      }
    ]
  },
  {
    "title": "",
    "media_list_data": [
      
    ],
    "string_list_data": [
      {
        "href": "https://www.instagram.com/azaain_",
        "value": "azaain_",
        "timestamp": 1685683163
      }
    ]
  },
  {
    "title": "",
    "media_list_data": [
      
    ],
    "string_list_data": [
      {
        "href": "https://www.instagram.com/nawafahsan",
        "value": "nawafahsan",
        "timestamp": 1684395244
      }
    ]
  },
  {
    "title": "",
    "media_list_data": [
      
    ],
    "string_list_data": [
      {
        "href": "https://www.instagram.com/titapqita17",
        "value": "titapqita17",
        "timestamp": 1684074686
      }
    ]
  },
  {
    "title": "",
    "media_list_data": [
      
    ],
    "string_list_data": [
      {
        "href": "https://www.instagram.com/hilmii.af",
        "value": "hilmii.af",
        "timestamp": 1684073227
      }
    ]
  },
  {
    "title": "",
    "media_list_data": [
      
    ],
    "string_list_data": [
      {
        "href": "https://www.instagram.com/piscssgirl",
        "value": "piscssgirl",
        "timestamp": 1683474760
      }
    ]
  },
  {
    "title": "",
    "media_list_data": [
      
    ],
    "string_list_data": [
      {
        "href": "https://www.instagram.com/asmidinnn",
        "value": "asmidinnn",
        "timestamp": 1683102616
      }
    ]
  },
  {
    "title": "",
    "media_list_data": [
      
    ],
    "string_list_data": [
      {
        "href": "https://www.instagram.com/alisaaulia_",
        "value": "alisaaulia_",
        "timestamp": 1682857225
      }
    ]
  },
  {
    "title": "",
    "media_list_data": [
      
    ],
    "string_list_data": [
      {
        "href": "https://www.instagram.com/pocketbiih",
        "value": "pocketbiih",
        "timestamp": 1680519794
      }
    ]
  },
  {
    "title": "",
    "media_list_data": [
      
    ],
    "string_list_data": [
      {
        "href": "https://www.instagram.com/hanazahrs",
        "value": "hanazahrs",
        "timestamp": 1678631084
      }
    ]
  },
  {
    "title": "",
    "media_list_data": [
      
    ],
    "string_list_data": [
      {
        "href": "https://www.instagram.com/jekkillinside",
        "value": "jekkillinside",
        "timestamp": 1677213421
      }
    ]
  },
  {
    "title": "",
    "media_list_data": [
      
    ],
    "string_list_data": [
      {
        "href": "https://www.instagram.com/dipolismmm",
        "value": "dipolismmm",
        "timestamp": 1676729064
      }
    ]
  },
  {
    "title": "",
    "media_list_data": [
      
    ],
    "string_list_data": [
      {
        "href": "https://www.instagram.com/supisimarmut",
        "value": "supisimarmut",
        "timestamp": 1676175891
      }
    ]
  },
  {
    "title": "",
    "media_list_data": [
      
    ],
    "string_list_data": [
      {
        "href": "https://www.instagram.com/cipswasnthere",
        "value": "cipswasnthere",
        "timestamp": 1675341487
      }
    ]
  },
  {
    "title": "",
    "media_list_data": [
      
    ],
    "string_list_data": [
      {
        "href": "https://www.instagram.com/rdsbimongrho",
        "value": "rdsbimongrho",
        "timestamp": 1675146874
      }
    ]
  },
  {
    "title": "",
    "media_list_data": [
      
    ],
    "string_list_data": [
      {
        "href": "https://www.instagram.com/zody.pratama",
        "value": "zody.pratama",
        "timestamp": 1674826384
      }
    ]
  },
  {
    "title": "",
    "media_list_data": [
      
    ],
    "string_list_data": [
      {
        "href": "https://www.instagram.com/julianinursyaa",
        "value": "julianinursyaa",
        "timestamp": 1674692960
      }
    ]
  },
  {
    "title": "",
    "media_list_data": [
      
    ],
    "string_list_data": [
      {
        "href": "https://www.instagram.com/najwa_lailia",
        "value": "najwa_lailia",
        "timestamp": 1674656280
      }
    ]
  },
  {
    "title": "",
    "media_list_data": [
      
    ],
    "string_list_data": [
      {
        "href": "https://www.instagram.com/khayllaa.__",
        "value": "khayllaa.__",
        "timestamp": 1674637110
      }
    ]
  },
  {
    "title": "",
    "media_list_data": [
      
    ],
    "string_list_data": [
      {
        "href": "https://www.instagram.com/imnotdapp",
        "value": "imnotdapp",
        "timestamp": 1674278714
      }
    ]
  },
  {
    "title": "",
    "media_list_data": [
      
    ],
    "string_list_data": [
      {
        "href": "https://www.instagram.com/erzaksatriaw_",
        "value": "erzaksatriaw_",
        "timestamp": 1674278689
      }
    ]
  },
  {
    "title": "",
    "media_list_data": [
      
    ],
    "string_list_data": [
      {
        "href": "https://www.instagram.com/suciihasan_",
        "value": "suciihasan_",
        "timestamp": 1673917130
      }
    ]
  },
  {
    "title": "",
    "media_list_data": [
      
    ],
    "string_list_data": [
      {
        "href": "https://www.instagram.com/ydaand",
        "value": "ydaand",
        "timestamp": 1673396922
      }
    ]
  },
  {
    "title": "",
    "media_list_data": [
      
    ],
    "string_list_data": [
      {
        "href": "https://www.instagram.com/rorry_mulle",
        "value": "rorry_mulle",
        "timestamp": 1672458344
      }
    ]
  },
  {
    "title": "",
    "media_list_data": [
      
    ],
    "string_list_data": [
      {
        "href": "https://www.instagram.com/kayylazahra",
        "value": "kayylazahra",
        "timestamp": 1672131312
      }
    ]
  },
  {
    "title": "",
    "media_list_data": [
      
    ],
    "string_list_data": [
      {
        "href": "https://www.instagram.com/ssunshinyy0",
        "value": "ssunshinyy0",
        "timestamp": 1672032056
      }
    ]
  },
  {
    "title": "",
    "media_list_data": [
      
    ],
    "string_list_data": [
      {
        "href": "https://www.instagram.com/janevarsl_",
        "value": "janevarsl_",
        "timestamp": 1671422525
      }
    ]
  },
  {
    "title": "",
    "media_list_data": [
      
    ],
    "string_list_data": [
      {
        "href": "https://www.instagram.com/callmejeenn",
        "value": "callmejeenn",
        "timestamp": 1671386171
      }
    ]
  },
  {
    "title": "",
    "media_list_data": [
      
    ],
    "string_list_data": [
      {
        "href": "https://www.instagram.com/dnkhnrsaa",
        "value": "dnkhnrsaa",
        "timestamp": 1669862454
      }
    ]
  },
  {
    "title": "",
    "media_list_data": [
      
    ],
    "string_list_data": [
      {
        "href": "https://www.instagram.com/nattasyaca",
        "value": "nattasyaca",
        "timestamp": 1668929734
      }
    ]
  },
  {
    "title": "",
    "media_list_data": [
      
    ],
    "string_list_data": [
      {
        "href": "https://www.instagram.com/ranggaa.rd",
        "value": "ranggaa.rd",
        "timestamp": 1668574947
      }
    ]
  },
  {
    "title": "",
    "media_list_data": [
      
    ],
    "string_list_data": [
      {
        "href": "https://www.instagram.com/rayaaaaak",
        "value": "rayaaaaak",
        "timestamp": 1668155353
      }
    ]
  },
  {
    "title": "",
    "media_list_data": [
      
    ],
    "string_list_data": [
      {
        "href": "https://www.instagram.com/syamirfan28",
        "value": "syamirfan28",
        "timestamp": 1667526315
      }
    ]
  },
  {
    "title": "",
    "media_list_data": [
      
    ],
    "string_list_data": [
      {
        "href": "https://www.instagram.com/hakamivasya",
        "value": "hakamivasya",
        "timestamp": 1667228144
      }
    ]
  },
  {
    "title": "",
    "media_list_data": [
      
    ],
    "string_list_data": [
      {
        "href": "https://www.instagram.com/hobah_patriot",
        "value": "hobah_patriot",
        "timestamp": 1666886473
      }
    ]
  },
  {
    "title": "",
    "media_list_data": [
      
    ],
    "string_list_data": [
      {
        "href": "https://www.instagram.com/alfiaazhh",
        "value": "alfiaazhh",
        "timestamp": 1665480649
      }
    ]
  },
  {
    "title": "",
    "media_list_data": [
      
    ],
    "string_list_data": [
      {
        "href": "https://www.instagram.com/zahran.andhika",
        "value": "zahran.andhika",
        "timestamp": 1664715100
      }
    ]
  },
  {
    "title": "",
    "media_list_data": [
      
    ],
    "string_list_data": [
      {
        "href": "https://www.instagram.com/ardiansyah.k_",
        "value": "ardiansyah.k_",
        "timestamp": 1664648257
      }
    ]
  },
  {
    "title": "",
    "media_list_data": [
      
    ],
    "string_list_data": [
      {
        "href": "https://www.instagram.com/sallchaaaa",
        "value": "sallchaaaa",
        "timestamp": 1663860785
      }
    ]
  },
  {
    "title": "",
    "media_list_data": [
      
    ],
    "string_list_data": [
      {
        "href": "https://www.instagram.com/zkyraa_",
        "value": "zkyraa_",
        "timestamp": 1663689983
      }
    ]
  },
  {
    "title": "",
    "media_list_data": [
      
    ],
    "string_list_data": [
      {
        "href": "https://www.instagram.com/rayhan.frn17",
        "value": "rayhan.frn17",
        "timestamp": 1663342889
      }
    ]
  },
  {
    "title": "",
    "media_list_data": [
      
    ],
    "string_list_data": [
      {
        "href": "https://www.instagram.com/abel.malta",
        "value": "abel.malta",
        "timestamp": 1663215785
      }
    ]
  },
  {
    "title": "",
    "media_list_data": [
      
    ],
    "string_list_data": [
      {
        "href": "https://www.instagram.com/deannn.el",
        "value": "deannn.el",
        "timestamp": 1663201287
      }
    ]
  },
  {
    "title": "",
    "media_list_data": [
      
    ],
    "string_list_data": [
      {
        "href": "https://www.instagram.com/thania.livy",
        "value": "thania.livy",
        "timestamp": 1663068002
      }
    ]
  },
  {
    "title": "",
    "media_list_data": [
      
    ],
    "string_list_data": [
      {
        "href": "https://www.instagram.com/adzraa.nabilah",
        "value": "adzraa.nabilah",
        "timestamp": 1663066998
      }
    ]
  },
  {
    "title": "",
    "media_list_data": [
      
    ],
    "string_list_data": [
      {
        "href": "https://www.instagram.com/aureliekaf",
        "value": "aureliekaf",
        "timestamp": 1663060498
      }
    ]
  },
  {
    "title": "",
    "media_list_data": [
      
    ],
    "string_list_data": [
      {
        "href": "https://www.instagram.com/hanntheminiboss",
        "value": "hanntheminiboss",
        "timestamp": 1662972533
      }
    ]
  },
  {
    "title": "",
    "media_list_data": [
      
    ],
    "string_list_data": [
      {
        "href": "https://www.instagram.com/gustafrzky",
        "value": "gustafrzky",
        "timestamp": 1662776283
      }
    ]
  },
  {
    "title": "",
    "media_list_data": [
      
    ],
    "string_list_data": [
      {
        "href": "https://www.instagram.com/ysmnatika",
        "value": "ysmnatika",
        "timestamp": 1662726602
      }
    ]
  },
  {
    "title": "",
    "media_list_data": [
      
    ],
    "string_list_data": [
      {
        "href": "https://www.instagram.com/_salsabila15_._",
        "value": "_salsabila15_._",
        "timestamp": 1662524971
      }
    ]
  },
  {
    "title": "",
    "media_list_data": [
      
    ],
    "string_list_data": [
      {
        "href": "https://www.instagram.com/nazwamrh",
        "value": "nazwamrh",
        "timestamp": 1662431739
      }
    ]
  },
  {
    "title": "",
    "media_list_data": [
      
    ],
    "string_list_data": [
      {
        "href": "https://www.instagram.com/qiranadelia",
        "value": "qiranadelia",
        "timestamp": 1662330305
      }
    ]
  },
  {
    "title": "",
    "media_list_data": [
      
    ],
    "string_list_data": [
      {
        "href": "https://www.instagram.com/lullabyninda",
        "value": "lullabyninda",
        "timestamp": 1662201437
      }
    ]
  },
  {
    "title": "",
    "media_list_data": [
      
    ],
    "string_list_data": [
      {
        "href": "https://www.instagram.com/elvirabelindaa",
        "value": "elvirabelindaa",
        "timestamp": 1662113086
      }
    ]
  },
  {
    "title": "",
    "media_list_data": [
      
    ],
    "string_list_data": [
      {
        "href": "https://www.instagram.com/_riskaaaaa_0",
        "value": "_riskaaaaa_0",
        "timestamp": 1662102346
      }
    ]
  },
  {
    "title": "",
    "media_list_data": [
      
    ],
    "string_list_data": [
      {
        "href": "https://www.instagram.com/dryldnswra",
        "value": "dryldnswra",
        "timestamp": 1661303793
      }
    ]
  },
  {
    "title": "",
    "media_list_data": [
      
    ],
    "string_list_data": [
      {
        "href": "https://www.instagram.com/alaykaara",
        "value": "alaykaara",
        "timestamp": 1661157488
      }
    ]
  },
  {
    "title": "",
    "media_list_data": [
      
    ],
    "string_list_data": [
      {
        "href": "https://www.instagram.com/syifaasyauqi",
        "value": "syifaasyauqi",
        "timestamp": 1661147393
      }
    ]
  },
  {
    "title": "",
    "media_list_data": [
      
    ],
    "string_list_data": [
      {
        "href": "https://www.instagram.com/rafliwaiyaa_",
        "value": "rafliwaiyaa_",
        "timestamp": 1660908265
      }
    ]
  },
  {
    "title": "",
    "media_list_data": [
      
    ],
    "string_list_data": [
      {
        "href": "https://www.instagram.com/arfazmii",
        "value": "arfazmii",
        "timestamp": 1660565648
      }
    ]
  },
  {
    "title": "",
    "media_list_data": [
      
    ],
    "string_list_data": [
      {
        "href": "https://www.instagram.com/firmanpsasmita",
        "value": "firmanpsasmita",
        "timestamp": 1659623350
      }
    ]
  },
  {
    "title": "",
    "media_list_data": [
      
    ],
    "string_list_data": [
      {
        "href": "https://www.instagram.com/jakii.rz",
        "value": "jakii.rz",
        "timestamp": 1659619731
      }
    ]
  },
  {
    "title": "",
    "media_list_data": [
      
    ],
    "string_list_data": [
      {
        "href": "https://www.instagram.com/n.herdians",
        "value": "n.herdians",
        "timestamp": 1659617857
      }
    ]
  },
  {
    "title": "",
    "media_list_data": [
      
    ],
    "string_list_data": [
      {
        "href": "https://www.instagram.com/aryasena.9",
        "value": "aryasena.9",
        "timestamp": 1659427339
      }
    ]
  },
  {
    "title": "",
    "media_list_data": [
      
    ],
    "string_list_data": [
      {
        "href": "https://www.instagram.com/renada_silalahi",
        "value": "renada_silalahi",
        "timestamp": 1659415968
      }
    ]
  },
  {
    "title": "",
    "media_list_data": [
      
    ],
    "string_list_data": [
      {
        "href": "https://www.instagram.com/senoopth",
        "value": "senoopth",
        "timestamp": 1659407041
      }
    ]
  },
  {
    "title": "",
    "media_list_data": [
      
    ],
    "string_list_data": [
      {
        "href": "https://www.instagram.com/kevandharmawan",
        "value": "kevandharmawan",
        "timestamp": 1659394871
      }
    ]
  },
  {
    "title": "",
    "media_list_data": [
      
    ],
    "string_list_data": [
      {
        "href": "https://www.instagram.com/derphobiaaa_",
        "value": "derphobiaaa_",
        "timestamp": 1659364630
      }
    ]
  },
  {
    "title": "",
    "media_list_data": [
      
    ],
    "string_list_data": [
      {
        "href": "https://www.instagram.com/fadzel_esa",
        "value": "fadzel_esa",
        "timestamp": 1659333488
      }
    ]
  },
  {
    "title": "",
    "media_list_data": [
      
    ],
    "string_list_data": [
      {
        "href": "https://www.instagram.com/mtchabaery",
        "value": "mtchabaery",
        "timestamp": 1659250108
      }
    ]
  },
  {
    "title": "",
    "media_list_data": [
      
    ],
    "string_list_data": [
      {
        "href": "https://www.instagram.com/abdur_haris",
        "value": "abdur_haris",
        "timestamp": 1659226471
      }
    ]
  },
  {
    "title": "",
    "media_list_data": [
      
    ],
    "string_list_data": [
      {
        "href": "https://www.instagram.com/armantohqm",
        "value": "armantohqm",
        "timestamp": 1658760014
      }
    ]
  },
  {
    "title": "",
    "media_list_data": [
      
    ],
    "string_list_data": [
      {
        "href": "https://www.instagram.com/rakaarfaa",
        "value": "rakaarfaa",
        "timestamp": 1658749507
      }
    ]
  },
  {
    "title": "",
    "media_list_data": [
      
    ],
    "string_list_data": [
      {
        "href": "https://www.instagram.com/tpamiftahul_jannah",
        "value": "tpamiftahul_jannah",
        "timestamp": 1656157084
      }
    ]
  },
  {
    "title": "",
    "media_list_data": [
      
    ],
    "string_list_data": [
      {
        "href": "https://www.instagram.com/justinputra_",
        "value": "justinputra_",
        "timestamp": 1655655196
      }
    ]
  },
  {
    "title": "",
    "media_list_data": [
      
    ],
    "string_list_data": [
      {
        "href": "https://www.instagram.com/dirizl__",
        "value": "dirizl__",
        "timestamp": 1655614002
      }
    ]
  },
  {
    "title": "",
    "media_list_data": [
      
    ],
    "string_list_data": [
      {
        "href": "https://www.instagram.com/hueeeeeeeeeeeeeeeee",
        "value": "hueeeeeeeeeeeeeeeee",
        "timestamp": 1655220594
      }
    ]
  },
  {
    "title": "",
    "media_list_data": [
      
    ],
    "string_list_data": [
      {
        "href": "https://www.instagram.com/calista_luckyta",
        "value": "calista_luckyta",
        "timestamp": 1654472809
      }
    ]
  },
  {
    "title": "",
    "media_list_data": [
      
    ],
    "string_list_data": [
      {
        "href": "https://www.instagram.com/shdqifdhl_",
        "value": "shdqifdhl_",
        "timestamp": 1654154745
      }
    ]
  },
  {
    "title": "",
    "media_list_data": [
      
    ],
    "string_list_data": [
      {
        "href": "https://www.instagram.com/ivan2110_",
        "value": "ivan2110_",
        "timestamp": 1653625033
      }
    ]
  },
  {
    "title": "",
    "media_list_data": [
      
    ],
    "string_list_data": [
      {
        "href": "https://www.instagram.com/wdie25",
        "value": "wdie25",
        "timestamp": 1652278969
      }
    ]
  },
  {
    "title": "",
    "media_list_data": [
      
    ],
    "string_list_data": [
      {
        "href": "https://www.instagram.com/zarazhrao",
        "value": "zarazhrao",
        "timestamp": 1652012145
      }
    ]
  },
  {
    "title": "",
    "media_list_data": [
      
    ],
    "string_list_data": [
      {
        "href": "https://www.instagram.com/amxlogy",
        "value": "amxlogy",
        "timestamp": 1651731938
      }
    ]
  },
  {
    "title": "",
    "media_list_data": [
      
    ],
    "string_list_data": [
      {
        "href": "https://www.instagram.com/derbywiira",
        "value": "derbywiira",
        "timestamp": 1651669436
      }
    ]
  },
  {
    "title": "",
    "media_list_data": [
      
    ],
    "string_list_data": [
      {
        "href": "https://www.instagram.com/anindaanr",
        "value": "anindaanr",
        "timestamp": 1651623895
      }
    ]
  },
  {
    "title": "",
    "media_list_data": [
      
    ],
    "string_list_data": [
      {
        "href": "https://www.instagram.com/falishalai",
        "value": "falishalai",
        "timestamp": 1651623872
      }
    ]
  },
  {
    "title": "",
    "media_list_data": [
      
    ],
    "string_list_data": [
      {
        "href": "https://www.instagram.com/thierrysafirr",
        "value": "thierrysafirr",
        "timestamp": 1651621019
      }
    ]
  },
  {
    "title": "",
    "media_list_data": [
      
    ],
    "string_list_data": [
      {
        "href": "https://www.instagram.com/zahraliya15",
        "value": "zahraliya15",
        "timestamp": 1651620829
      }
    ]
  },
  {
    "title": "",
    "media_list_data": [
      
    ],
    "string_list_data": [
      {
        "href": "https://www.instagram.com/raini00_",
        "value": "raini00_",
        "timestamp": 1651615081
      }
    ]
  },
  {
    "title": "",
    "media_list_data": [
      
    ],
    "string_list_data": [
      {
        "href": "https://www.instagram.com/ahmd_eki",
        "value": "ahmd_eki",
        "timestamp": 1651588581
      }
    ]
  },
  {
    "title": "",
    "media_list_data": [
      
    ],
    "string_list_data": [
      {
        "href": "https://www.instagram.com/m.aaamhrz_",
        "value": "m.aaamhrz_",
        "timestamp": 1649941774
      }
    ]
  },
  {
    "title": "",
    "media_list_data": [
      
    ],
    "string_list_data": [
      {
        "href": "https://www.instagram.com/_mndachel",
        "value": "_mndachel",
        "timestamp": 1648280323
      }
    ]
  },
  {
    "title": "",
    "media_list_data": [
      
    ],
    "string_list_data": [
      {
        "href": "https://www.instagram.com/beybieca",
        "value": "beybieca",
        "timestamp": 1648187611
      }
    ]
  },
  {
    "title": "",
    "media_list_data": [
      
    ],
    "string_list_data": [
      {
        "href": "https://www.instagram.com/af.rizaakbaaarr",
        "value": "af.rizaakbaaarr",
        "timestamp": 1648187610
      }
    ]
  },
  {
    "title": "",
    "media_list_data": [
      
    ],
    "string_list_data": [
      {
        "href": "https://www.instagram.com/dvndrysmr._",
        "value": "dvndrysmr._",
        "timestamp": 1648182053
      }
    ]
  },
  {
    "title": "",
    "media_list_data": [
      
    ],
    "string_list_data": [
      {
        "href": "https://www.instagram.com/ryan.hhw",
        "value": "ryan.hhw",
        "timestamp": 1646632255
      }
    ]
  },
  {
    "title": "",
    "media_list_data": [
      
    ],
    "string_list_data": [
      {
        "href": "https://www.instagram.com/ninafja",
        "value": "ninafja",
        "timestamp": 1645599708
      }
    ]
  },
  {
    "title": "",
    "media_list_data": [
      
    ],
    "string_list_data": [
      {
        "href": "https://www.instagram.com/_amndty",
        "value": "_amndty",
        "timestamp": 1643271194
      }
    ]
  },
  {
    "title": "",
    "media_list_data": [
      
    ],
    "string_list_data": [
      {
        "href": "https://www.instagram.com/the_lonely_fox_05",
        "value": "the_lonely_fox_05",
        "timestamp": 1642309499
      }
    ]
  },
  {
    "title": "",
    "media_list_data": [
      
    ],
    "string_list_data": [
      {
        "href": "https://www.instagram.com/nabilakhrh",
        "value": "nabilakhrh",
        "timestamp": 1632381878
      }
    ]
  },
  {
    "title": "",
    "media_list_data": [
      
    ],
    "string_list_data": [
      {
        "href": "https://www.instagram.com/rifqifrss",
        "value": "rifqifrss",
        "timestamp": 1623825344
      }
    ]
  },
  {
    "title": "",
    "media_list_data": [
      
    ],
    "string_list_data": [
      {
        "href": "https://www.instagram.com/atyrzki",
        "value": "atyrzki",
        "timestamp": 1617009480
      }
    ]
  },
  {
    "title": "",
    "media_list_data": [
      
    ],
    "string_list_data": [
      {
        "href": "https://www.instagram.com/rbniilhm",
        "value": "rbniilhm",
        "timestamp": 1613928717
      }
    ]
  },
  {
    "title": "",
    "media_list_data": [
      
    ],
    "string_list_data": [
      {
        "href": "https://www.instagram.com/tiar_000",
        "value": "tiar_000",
        "timestamp": 1599360012
      }
    ]
  },
  {
    "title": "",
    "media_list_data": [
      
    ],
    "string_list_data": [
      {
        "href": "https://www.instagram.com/aristonnnnn",
        "value": "aristonnnnn",
        "timestamp": 1597475449
      }
    ]
  },
  {
    "title": "",
    "media_list_data": [
      
    ],
    "string_list_data": [
      {
        "href": "https://www.instagram.com/adrnirmn",
        "value": "adrnirmn",
        "timestamp": 1596552495
      }
    ]
  },
  {
    "title": "",
    "media_list_data": [
      
    ],
    "string_list_data": [
      {
        "href": "https://www.instagram.com/kangdudung_ustadzcinta",
        "value": "kangdudung_ustadzcinta",
        "timestamp": 1595472814
      }
    ]
  },
  {
    "title": "",
    "media_list_data": [
      
    ],
    "string_list_data": [
      {
        "href": "https://www.instagram.com/yzalsyra",
        "value": "yzalsyra",
        "timestamp": 1594690521
      }
    ]
  },
  {
    "title": "",
    "media_list_data": [
      
    ],
    "string_list_data": [
      {
        "href": "https://www.instagram.com/habibiphr_",
        "value": "habibiphr_",
        "timestamp": 1594654828
      }
    ]
  },
  {
    "title": "",
    "media_list_data": [
      
    ],
    "string_list_data": [
      {
        "href": "https://www.instagram.com/dharmairfan",
        "value": "dharmairfan",
        "timestamp": 1594046051
      }
    ]
  },
  {
    "title": "",
    "media_list_data": [
      
    ],
    "string_list_data": [
      {
        "href": "https://www.instagram.com/febridharm",
        "value": "febridharm",
        "timestamp": 1593179025
      }
    ]
  },
  {
    "title": "",
    "media_list_data": [
      
    ],
    "string_list_data": [
      {
        "href": "https://www.instagram.com/aprlnla_",
        "value": "aprlnla_",
        "timestamp": 1588435746
      }
    ]
  },
  {
    "title": "",
    "media_list_data": [
      
    ],
    "string_list_data": [
      {
        "href": "https://www.instagram.com/annisofiyantii",
        "value": "annisofiyantii",
        "timestamp": 1580833433
      }
    ]
  },
  {
    "title": "",
    "media_list_data": [
      
    ],
    "string_list_data": [
      {
        "href": "https://www.instagram.com/scharalli",
        "value": "scharalli",
        "timestamp": 1579872305
      }
    ]
  },
  {
    "title": "",
    "media_list_data": [
      
    ],
    "string_list_data": [
      {
        "href": "https://www.instagram.com/jaraaulia_",
        "value": "jaraaulia_",
        "timestamp": 1578055159
      }
    ]
  },
  {
    "title": "",
    "media_list_data": [
      
    ],
    "string_list_data": [
      {
        "href": "https://www.instagram.com/najmaakm",
        "value": "najmaakm",
        "timestamp": 1577711400
      }
    ]
  },
  {
    "title": "",
    "media_list_data": [
      
    ],
    "string_list_data": [
      {
        "href": "https://www.instagram.com/naufaldhylhq",
        "value": "naufaldhylhq",
        "timestamp": 1576200109
      }
    ]
  },
  {
    "title": "",
    "media_list_data": [
      
    ],
    "string_list_data": [
      {
        "href": "https://www.instagram.com/dxfae",
        "value": "dxfae",
        "timestamp": 1574771678
      }
    ]
  },
  {
    "title": "",
    "media_list_data": [
      
    ],
    "string_list_data": [
      {
        "href": "https://www.instagram.com/92.exe",
        "value": "92.exe",
        "timestamp": 1574518642
      }
    ]
  },
  {
    "title": "",
    "media_list_data": [
      
    ],
    "string_list_data": [
      {
        "href": "https://www.instagram.com/fathyahfa",
        "value": "fathyahfa",
        "timestamp": 1573126809
      }
    ]
  },
  {
    "title": "",
    "media_list_data": [
      
    ],
    "string_list_data": [
      {
        "href": "https://www.instagram.com/symll.g",
        "value": "symll.g",
        "timestamp": 1572758454
      }
    ]
  },
  {
    "title": "",
    "media_list_data": [
      
    ],
    "string_list_data": [
      {
        "href": "https://www.instagram.com/zayndira",
        "value": "zayndira",
        "timestamp": 1572610333
      }
    ]
  },
  {
    "title": "",
    "media_list_data": [
      
    ],
    "string_list_data": [
      {
        "href": "https://www.instagram.com/miamorzaa",
        "value": "miamorzaa",
        "timestamp": 1571833569
      }
    ]
  },
  {
    "title": "",
    "media_list_data": [
      
    ],
    "string_list_data": [
      {
        "href": "https://www.instagram.com/adeliakml",
        "value": "adeliakml",
        "timestamp": 1570005222
      }
    ]
  },
  {
    "title": "",
    "media_list_data": [
      
    ],
    "string_list_data": [
      {
        "href": "https://www.instagram.com/al_kanyus",
        "value": "al_kanyus",
        "timestamp": 1569593062
      }
    ]
  },
  {
    "title": "",
    "media_list_data": [
      
    ],
    "string_list_data": [
      {
        "href": "https://www.instagram.com/bary_razan",
        "value": "bary_razan",
        "timestamp": 1564807231
      }
    ]
  },
  {
    "title": "",
    "media_list_data": [
      
    ],
    "string_list_data": [
      {
        "href": "https://www.instagram.com/nyyslaa",
        "value": "nyyslaa",
        "timestamp": 1562608218
      }
    ]
  },
  {
    "title": "",
    "media_list_data": [
      
    ],
    "string_list_data": [
      {
        "href": "https://www.instagram.com/amxlogy.co",
        "value": "amxlogy.co",
        "timestamp": 1555334146
      }
    ]
  },
  {
    "title": "",
    "media_list_data": [
      
    ],
    "string_list_data": [
      {
        "href": "https://www.instagram.com/m_wirayuda",
        "value": "m_wirayuda",
        "timestamp": 1550921898
      }
    ]
  },
  {
    "title": "",
    "media_list_data": [
      
    ],
    "string_list_data": [
      {
        "href": "https://www.instagram.com/azhrhmam_",
        "value": "azhrhmam_",
        "timestamp": 1549540087
      }
    ]
  },
  {
    "title": "",
    "media_list_data": [
      
    ],
    "string_list_data": [
      {
        "href": "https://www.instagram.com/putradrmwn13",
        "value": "putradrmwn13",
        "timestamp": 1549365215
      }
    ]
  },
  {
    "title": "",
    "media_list_data": [
      
    ],
    "string_list_data": [
      {
        "href": "https://www.instagram.com/01.zikrii",
        "value": "01.zikrii",
        "timestamp": 1548228911
      }
    ]
  },
  {
    "title": "",
    "media_list_data": [
      
    ],
    "string_list_data": [
      {
        "href": "https://www.instagram.com/andraagnarr",
        "value": "andraagnarr",
        "timestamp": 1548068625
      }
    ]
  },
  {
    "title": "",
    "media_list_data": [
      
    ],
    "string_list_data": [
      {
        "href": "https://www.instagram.com/autsilaaaa_",
        "value": "autsilaaaa_",
        "timestamp": 1543827650
      }
    ]
  },
  {
    "title": "",
    "media_list_data": [
      
    ],
    "string_list_data": [
      {
        "href": "https://www.instagram.com/sabrinanggi12",
        "value": "sabrinanggi12",
        "timestamp": 1541860509
      }
    ]
  },
  {
    "title": "",
    "media_list_data": [
      
    ],
    "string_list_data": [
      {
        "href": "https://www.instagram.com/valentt._",
        "value": "valentt._",
        "timestamp": 1539488057
      }
    ]
  },
  {
    "title": "",
    "media_list_data": [
      
    ],
    "string_list_data": [
      {
        "href": "https://www.instagram.com/tanayazr",
        "value": "tanayazr",
        "timestamp": 1519215242
      }
    ]
  },
  {
    "title": "",
    "media_list_data": [
      
    ],
    "string_list_data": [
      {
        "href": "https://www.instagram.com/feby.ph",
        "value": "feby.ph",
        "timestamp": 1512738240
      }
    ]
  },
  {
    "title": "",
    "media_list_data": [
      
    ],
    "string_list_data": [
      {
        "href": "https://www.instagram.com/rbniilham_",
        "value": "rbniilham_",
        "timestamp": 1512032007
      }
    ]
  },
  {
    "title": "",
    "media_list_data": [
      
    ],
    "string_list_data": [
      {
        "href": "https://www.instagram.com/ditttxhunter",
        "value": "ditttxhunter",
        "timestamp": 1509617832
      }
    ]
  },
  {
    "title": "",
    "media_list_data": [
      
    ],
    "string_list_data": [
      {
        "href": "https://www.instagram.com/72.fighterr",
        "value": "72.fighterr",
        "timestamp": 1509190919
      }
    ]
  },
  {
    "title": "",
    "media_list_data": [
      
    ],
    "string_list_data": [
      {
        "href": "https://www.instagram.com/samsul.4u",
        "value": "samsul.4u",
        "timestamp": 1505572263
      }
    ]
  },
  {
    "title": "",
    "media_list_data": [
      
    ],
    "string_list_data": [
      {
        "href": "https://www.instagram.com/naylamandaputri",
        "value": "naylamandaputri",
        "timestamp": 1505310332
      }
    ]
  },
  {
    "title": "",
    "media_list_data": [
      
    ],
    "string_list_data": [
      {
        "href": "https://www.instagram.com/fifathir_",
        "value": "fifathir_",
        "timestamp": 1504140770
      }
    ]
  },
  {
    "title": "",
    "media_list_data": [
      
    ],
    "string_list_data": [
      {
        "href": "https://www.instagram.com/syamilgazaa",
        "value": "syamilgazaa",
        "timestamp": 1502889211
      }
    ]
  },
  {
    "title": "",
    "media_list_data": [
      
    ],
    "string_list_data": [
      {
        "href": "https://www.instagram.com/alpinedf_",
        "value": "alpinedf_",
        "timestamp": 1502538028
      }
    ]
  },
  {
    "title": "",
    "media_list_data": [
      
    ],
    "string_list_data": [
      {
        "href": "https://www.instagram.com/kyara.azwa",
        "value": "kyara.azwa",
        "timestamp": 1501761597
      }
    ]
  },
  {
    "title": "",
    "media_list_data": [
      
    ],
    "string_list_data": [
      {
        "href": "https://www.instagram.com/nayaraazzca",
        "value": "nayaraazzca",
        "timestamp": 1501234287
      }
    ]
  },
  {
    "title": "",
    "media_list_data": [
      
    ],
    "string_list_data": [
      {
        "href": "https://www.instagram.com/rianvv_",
        "value": "rianvv_",
        "timestamp": 1498355080
      }
    ]
  },
  {
    "title": "",
    "media_list_data": [
      
    ],
    "string_list_data": [
      {
        "href": "https://www.instagram.com/doddymulle",
        "value": "doddymulle",
        "timestamp": 1493614847
      }
    ]
  },
  {
    "title": "",
    "media_list_data": [
      
    ],
    "string_list_data": [
      {
        "href": "https://www.instagram.com/tyowsn",
        "value": "tyowsn",
        "timestamp": 1475498448
      }
    ]
  },
  {
    "title": "",
    "media_list_data": [
      
    ],
    "string_list_data": [
      {
        "href": "https://www.instagram.com/neyshaichigo_drawing",
        "value": "neyshaichigo_drawing",
        "timestamp": 1475378897
      }
    ]
  }
]