{
  "relationships_following": [
    {
      "title": "",
      "media_list_data": [
        
      ],
      "string_list_data": [
        {
          "href": "https://www.instagram.com/infomagangterbaru",
          "value": "infomagangterbaru",
          "timestamp": 1751556858
        }
      ]
    },
    {
      "title": "",
      "media_list_data": [
        
      ],
      "string_list_data": [
        {
          "href": "https://www.instagram.com/maganginfo_",
          "value": "maganginfo_",
          "timestamp": 1751556832
        }
      ]
    },
    {
      "title": "",
      "media_list_data": [
        
      ],
      "string_list_data": [
        {
          "href": "https://www.instagram.com/internship.time",
          "value": "internship.time",
          "timestamp": 1751556777
        }
      ]
    },
    {
      "title": "",
      "media_list_data": [
        
      ],
      "string_list_data": [
        {
          "href": "https://www.instagram.com/daprrrrrrrrrrrrrrr",
          "value": "daprrrrrrrrrrrrrrr",
          "timestamp": 1751393727
        }
      ]
    },
    {
      "title": "",
      "media_list_data": [
        
      ],
      "string_list_data": [
        {
          "href": "https://www.instagram.com/raishakim_",
          "value": "raishakim_",
          "timestamp": 1750942586
        }
      ]
    },
    {
      "title": "",
      "media_list_data": [
        
      ],
      "string_list_data": [
        {
          "href": "https://www.instagram.com/tyowsn",
          "value": "tyowsn",
          "timestamp": 1750834096
        }
      ]
    },
    {
      "title": "",
      "media_list_data": [
        
      ],
      "string_list_data": [
        {
          "href": "https://www.instagram.com/stembolt.official",
          "value": "stembolt.official",
          "timestamp": 1750257833
        }
      ]
    },
    {
      "title": "",
      "media_list_data": [
        
      ],
      "string_list_data": [
        {
          "href": "https://www.instagram.com/kemahasiswaan.dikti",
          "value": "kemahasiswaan.dikti",
          "timestamp": 1750242340
        }
      ]
    },
    {
      "title": "",
      "media_list_data": [
        
      ],
      "string_list_data": [
        {
          "href": "https://www.instagram.com/gazzyptra",
          "value": "gazzyptra",
          "timestamp": 1750242221
        }
      ]
    },
    {
      "title": "",
      "media_list_data": [
        
      ],
      "string_list_data": [
        {
          "href": "https://www.instagram.com/belmawa.dikti",
          "value": "belmawa.dikti",
          "timestamp": 1749887483
        }
      ]
    },
    {
      "title": "",
      "media_list_data": [
        
      ],
      "string_list_data": [
        {
          "href": "https://www.instagram.com/pemainsakithati",
          "value": "pemainsakithati",
          "timestamp": 1749299098
        }
      ]
    },
    {
      "title": "",
      "media_list_data": [
        
      ],
      "string_list_data": [
        {
          "href": "https://www.instagram.com/jascon.jk",
          "value": "jascon.jk",
          "timestamp": 1746624134
        }
      ]
    },
    {
      "title": "",
      "media_list_data": [
        
      ],
      "string_list_data": [
        {
          "href": "https://www.instagram.com/eddwwarddddd",
          "value": "eddwwarddddd",
          "timestamp": 1745409611
        }
      ]
    },
    {
      "title": "",
      "media_list_data": [
        
      ],
      "string_list_data": [
        {
          "href": "https://www.instagram.com/sahabat_pnj",
          "value": "sahabat_pnj",
          "timestamp": 1745386449
        }
      ]
    },
    {
      "title": "",
      "media_list_data": [
        
      ],
      "string_list_data": [
        {
          "href": "https://www.instagram.com/crshaurellia",
          "value": "crshaurellia",
          "timestamp": 1744916594
        }
      ]
    },
    {
      "title": "",
      "media_list_data": [
        
      ],
      "string_list_data": [
        {
          "href": "https://www.instagram.com/shyllarss",
          "value": "shyllarss",
          "timestamp": 1744774617
        }
      ]
    },
    {
      "title": "",
      "media_list_data": [
        
      ],
      "string_list_data": [
        {
          "href": "https://www.instagram.com/syafa_alz",
          "value": "syafa_alz",
          "timestamp": 1744180858
        }
      ]
    },
    {
      "title": "",
      "media_list_data": [
        
      ],
      "string_list_data": [
        {
          "href": "https://www.instagram.com/alfiyarofii",
          "value": "alfiyarofii",
          "timestamp": 1744040074
        }
      ]
    },
    {
      "title": "",
      "media_list_data": [
        
      ],
      "string_list_data": [
        {
          "href": "https://www.instagram.com/khalst.al",
          "value": "khalst.al",
          "timestamp": 1743654165
        }
      ]
    },
    {
      "title": "",
      "media_list_data": [
        
      ],
      "string_list_data": [
        {
          "href": "https://www.instagram.com/svhrl_",
          "value": "svhrl_",
          "timestamp": 1743588520
        }
      ]
    },
    {
      "title": "",
      "media_list_data": [
        
      ],
      "string_list_data": [
        {
          "href": "https://www.instagram.com/andika.sinatrya",
          "value": "andika.sinatrya",
          "timestamp": 1743380134
        }
      ]
    },
    {
      "title": "",
      "media_list_data": [
        
      ],
      "string_list_data": [
        {
          "href": "https://www.instagram.com/sweetberrwy",
          "value": "sweetberrwy",
          "timestamp": 1743255391
        }
      ]
    },
    {
      "title": "",
      "media_list_data": [
        
      ],
      "string_list_data": [
        {
          "href": "https://www.instagram.com/poseijen",
          "value": "poseijen",
          "timestamp": 1737067205
        }
      ]
    },
    {
      "title": "",
      "media_list_data": [
        
      ],
      "string_list_data": [
        {
          "href": "https://www.instagram.com/infodepok_id",
          "value": "infodepok_id",
          "timestamp": 1736522032
        }
      ]
    },
    {
      "title": "",
      "media_list_data": [
        
      ],
      "string_list_data": [
        {
          "href": "https://www.instagram.com/pemuda.ngasal",
          "value": "pemuda.ngasal",
          "timestamp": 1733324145
        }
      ]
    },
    {
      "title": "",
      "media_list_data": [
        
      ],
      "string_list_data": [
        {
          "href": "https://www.instagram.com/nats9.n",
          "value": "nats9.n",
          "timestamp": 1733277775
        }
      ]
    },
    {
      "title": "",
      "media_list_data": [
        
      ],
      "string_list_data": [
        {
          "href": "https://www.instagram.com/saadrizky_",
          "value": "saadrizky_",
          "timestamp": 1727959370
        }
      ]
    },
    {
      "title": "",
      "media_list_data": [
        
      ],
      "string_list_data": [
        {
          "href": "https://www.instagram.com/heiitayooo24",
          "value": "heiitayooo24",
          "timestamp": 1726920969
        }
      ]
    },
    {
      "title": "",
      "media_list_data": [
        
      ],
      "string_list_data": [
        {
          "href": "https://www.instagram.com/halotsanadisini",
          "value": "halotsanadisini",
          "timestamp": 1725719758
        }
      ]
    },
    {
      "title": "",
      "media_list_data": [
        
      ],
      "string_list_data": [
        {
          "href": "https://www.instagram.com/tsanazaa",
          "value": "tsanazaa",
          "timestamp": 1725719618
        }
      ]
    },
    {
      "title": "",
      "media_list_data": [
        
      ],
      "string_list_data": [
        {
          "href": "https://www.instagram.com/trully.pvds_",
          "value": "trully.pvds_",
          "timestamp": 1725323138
        }
      ]
    },
    {
      "title": "",
      "media_list_data": [
        
      ],
      "string_list_data": [
        {
          "href": "https://www.instagram.com/hilmihaziiq",
          "value": "hilmihaziiq",
          "timestamp": 1724757103
        }
      ]
    },
    {
      "title": "",
      "media_list_data": [
        
      ],
      "string_list_data": [
        {
          "href": "https://www.instagram.com/advocenter.pnj",
          "value": "advocenter.pnj",
          "timestamp": 1724397064
        }
      ]
    },
    {
      "title": "",
      "media_list_data": [
        
      ],
      "string_list_data": [
        {
          "href": "https://www.instagram.com/narasinewsroom",
          "value": "narasinewsroom",
          "timestamp": 1724255313
        }
      ]
    },
    {
      "title": "",
      "media_list_data": [
        
      ],
      "string_list_data": [
        {
          "href": "https://www.instagram.com/haidarzhafran_06",
          "value": "haidarzhafran_06",
          "timestamp": 1723378683
        }
      ]
    },
    {
      "title": "",
      "media_list_data": [
        
      ],
      "string_list_data": [
        {
          "href": "https://www.instagram.com/ccitfestival",
          "value": "ccitfestival",
          "timestamp": 1714714086
        }
      ]
    },
    {
      "title": "",
      "media_list_data": [
        
      ],
      "string_list_data": [
        {
          "href": "https://www.instagram.com/_pheppe",
          "value": "_pheppe",
          "timestamp": 1714714028
        }
      ]
    },
    {
      "title": "",
      "media_list_data": [
        
      ],
      "string_list_data": [
        {
          "href": "https://www.instagram.com/arkhnali",
          "value": "arkhnali",
          "timestamp": 1714581097
        }
      ]
    },
    {
      "title": "",
      "media_list_data": [
        
      ],
      "string_list_data": [
        {
          "href": "https://www.instagram.com/whodoyouknow_",
          "value": "whodoyouknow_",
          "timestamp": 1714578889
        }
      ]
    },
    {
      "title": "",
      "media_list_data": [
        
      ],
      "string_list_data": [
        {
          "href": "https://www.instagram.com/dapaa.aull",
          "value": "dapaa.aull",
          "timestamp": 1714567109
        }
      ]
    },
    {
      "title": "",
      "media_list_data": [
        
      ],
      "string_list_data": [
        {
          "href": "https://www.instagram.com/atallawibii",
          "value": "atallawibii",
          "timestamp": 1708459205
        }
      ]
    },
    {
      "title": "",
      "media_list_data": [
        
      ],
      "string_list_data": [
        {
          "href": "https://www.instagram.com/jktgo",
          "value": "jktgo",
          "timestamp": 1707900252
        }
      ]
    },
    {
      "title": "",
      "media_list_data": [
        
      ],
      "string_list_data": [
        {
          "href": "https://www.instagram.com/fabiano.rf01",
          "value": "fabiano.rf01",
          "timestamp": 1707747291
        }
      ]
    },
    {
      "title": "",
      "media_list_data": [
        
      ],
      "string_list_data": [
        {
          "href": "https://www.instagram.com/sekarraisa",
          "value": "sekarraisa",
          "timestamp": 1707747160
        }
      ]
    },
    {
      "title": "",
      "media_list_data": [
        
      ],
      "string_list_data": [
        {
          "href": "https://www.instagram.com/gis_delia",
          "value": "gis_delia",
          "timestamp": 1707300782
        }
      ]
    },
    {
      "title": "",
      "media_list_data": [
        
      ],
      "string_list_data": [
        {
          "href": "https://www.instagram.com/naylanaylnss",
          "value": "naylanaylnss",
          "timestamp": 1705583055
        }
      ]
    },
    {
      "title": "",
      "media_list_data": [
        
      ],
      "string_list_data": [
        {
          "href": "https://www.instagram.com/aquhype",
          "value": "aquhype",
          "timestamp": 1704786598
        }
      ]
    },
    {
      "title": "",
      "media_list_data": [
        
      ],
      "string_list_data": [
        {
          "href": "https://www.instagram.com/amacrisn",
          "value": "amacrisn",
          "timestamp": 1704036820
        }
      ]
    },
    {
      "title": "",
      "media_list_data": [
        
      ],
      "string_list_data": [
        {
          "href": "https://www.instagram.com/alfabelmuhammad",
          "value": "alfabelmuhammad",
          "timestamp": 1703947086
        }
      ]
    },
    {
      "title": "",
      "media_list_data": [
        
      ],
      "string_list_data": [
        {
          "href": "https://www.instagram.com/shaow_wlkr",
          "value": "shaow_wlkr",
          "timestamp": 1703941055
        }
      ]
    },
    {
      "title": "",
      "media_list_data": [
        
      ],
      "string_list_data": [
        {
          "href": "https://www.instagram.com/haiklsasongko",
          "value": "haiklsasongko",
          "timestamp": 1703938525
        }
      ]
    },
    {
      "title": "",
      "media_list_data": [
        
      ],
      "string_list_data": [
        {
          "href": "https://www.instagram.com/ndaatys",
          "value": "ndaatys",
          "timestamp": 1703926484
        }
      ]
    },
    {
      "title": "",
      "media_list_data": [
        
      ],
      "string_list_data": [
        {
          "href": "https://www.instagram.com/isansekerta",
          "value": "isansekerta",
          "timestamp": 1703922372
        }
      ]
    },
    {
      "title": "",
      "media_list_data": [
        
      ],
      "string_list_data": [
        {
          "href": "https://www.instagram.com/raflyalif14",
          "value": "raflyalif14",
          "timestamp": 1703915530
        }
      ]
    },
    {
      "title": "",
      "media_list_data": [
        
      ],
      "string_list_data": [
        {
          "href": "https://www.instagram.com/expectik.pnj",
          "value": "expectik.pnj",
          "timestamp": 1703848916
        }
      ]
    },
    {
      "title": "",
      "media_list_data": [
        
      ],
      "string_list_data": [
        {
          "href": "https://www.instagram.com/_ssaalsha_",
          "value": "_ssaalsha_",
          "timestamp": 1703818339
        }
      ]
    },
    {
      "title": "",
      "media_list_data": [
        
      ],
      "string_list_data": [
        {
          "href": "https://www.instagram.com/safinaqai",
          "value": "safinaqai",
          "timestamp": 1703652448
        }
      ]
    },
    {
      "title": "",
      "media_list_data": [
        
      ],
      "string_list_data": [
        {
          "href": "https://www.instagram.com/elvirabelindaas",
          "value": "elvirabelindaas",
          "timestamp": 1702889652
        }
      ]
    },
    {
      "title": "",
      "media_list_data": [
        
      ],
      "string_list_data": [
        {
          "href": "https://www.instagram.com/tammam04",
          "value": "tammam04",
          "timestamp": 1701755734
        }
      ]
    },
    {
      "title": "",
      "media_list_data": [
        
      ],
      "string_list_data": [
        {
          "href": "https://www.instagram.com/azrilkamal27_",
          "value": "azrilkamal27_",
          "timestamp": 1701752226
        }
      ]
    },
    {
      "title": "",
      "media_list_data": [
        
      ],
      "string_list_data": [
        {
          "href": "https://www.instagram.com/myskill.id",
          "value": "myskill.id",
          "timestamp": 1700924489
        }
      ]
    },
    {
      "title": "",
      "media_list_data": [
        
      ],
      "string_list_data": [
        {
          "href": "https://www.instagram.com/kalycarn",
          "value": "kalycarn",
          "timestamp": 1700472309
        }
      ]
    },
    {
      "title": "",
      "media_list_data": [
        
      ],
      "string_list_data": [
        {
          "href": "https://www.instagram.com/meiliduchessa",
          "value": "meiliduchessa",
          "timestamp": 1699023192
        }
      ]
    },
    {
      "title": "",
      "media_list_data": [
        
      ],
      "string_list_data": [
        {
          "href": "https://www.instagram.com/zhrbyn_",
          "value": "zhrbyn_",
          "timestamp": 1698579530
        }
      ]
    },
    {
      "title": "",
      "media_list_data": [
        
      ],
      "string_list_data": [
        {
          "href": "https://www.instagram.com/nl.rizzw",
          "value": "nl.rizzw",
          "timestamp": 1698579457
        }
      ]
    },
    {
      "title": "",
      "media_list_data": [
        
      ],
      "string_list_data": [
        {
          "href": "https://www.instagram.com/carissa.syahbani",
          "value": "carissa.syahbani",
          "timestamp": 1698395857
        }
      ]
    },
    {
      "title": "",
      "media_list_data": [
        
      ],
      "string_list_data": [
        {
          "href": "https://www.instagram.com/cint.aa",
          "value": "cint.aa",
          "timestamp": 1698385320
        }
      ]
    },
    {
      "title": "",
      "media_list_data": [
        
      ],
      "string_list_data": [
        {
          "href": "https://www.instagram.com/irennbbn",
          "value": "irennbbn",
          "timestamp": 1698380389
        }
      ]
    },
    {
      "title": "",
      "media_list_data": [
        
      ],
      "string_list_data": [
        {
          "href": "https://www.instagram.com/saadann_",
          "value": "saadann_",
          "timestamp": 1698379401
        }
      ]
    },
    {
      "title": "",
      "media_list_data": [
        
      ],
      "string_list_data": [
        {
          "href": "https://www.instagram.com/akulims",
          "value": "akulims",
          "timestamp": 1698372886
        }
      ]
    },
    {
      "title": "",
      "media_list_data": [
        
      ],
      "string_list_data": [
        {
          "href": "https://www.instagram.com/mawlibrahim",
          "value": "mawlibrahim",
          "timestamp": 1698372849
        }
      ]
    },
    {
      "title": "",
      "media_list_data": [
        
      ],
      "string_list_data": [
        {
          "href": "https://www.instagram.com/zkryuu0",
          "value": "zkryuu0",
          "timestamp": 1698311142
        }
      ]
    },
    {
      "title": "",
      "media_list_data": [
        
      ],
      "string_list_data": [
        {
          "href": "https://www.instagram.com/arrz_prat",
          "value": "arrz_prat",
          "timestamp": 1697968996
        }
      ]
    },
    {
      "title": "",
      "media_list_data": [
        
      ],
      "string_list_data": [
        {
          "href": "https://www.instagram.com/daffa.hanif_",
          "value": "daffa.hanif_",
          "timestamp": 1697886603
        }
      ]
    },
    {
      "title": "",
      "media_list_data": [
        
      ],
      "string_list_data": [
        {
          "href": "https://www.instagram.com/nuugee.__",
          "value": "nuugee.__",
          "timestamp": 1697884680
        }
      ]
    },
    {
      "title": "",
      "media_list_data": [
        
      ],
      "string_list_data": [
        {
          "href": "https://www.instagram.com/rofiffwaazz_",
          "value": "rofiffwaazz_",
          "timestamp": 1697884655
        }
      ]
    },
    {
      "title": "",
      "media_list_data": [
        
      ],
      "string_list_data": [
        {
          "href": "https://www.instagram.com/franslesino_",
          "value": "franslesino_",
          "timestamp": 1697883159
        }
      ]
    },
    {
      "title": "",
      "media_list_data": [
        
      ],
      "string_list_data": [
        {
          "href": "https://www.instagram.com/akram__daffa",
          "value": "akram__daffa",
          "timestamp": 1697883142
        }
      ]
    },
    {
      "title": "",
      "media_list_data": [
        
      ],
      "string_list_data": [
        {
          "href": "https://www.instagram.com/musangclass",
          "value": "musangclass",
          "timestamp": 1697531247
        }
      ]
    },
    {
      "title": "",
      "media_list_data": [
        
      ],
      "string_list_data": [
        {
          "href": "https://www.instagram.com/erviinnnnn",
          "value": "erviinnnnn",
          "timestamp": 1697425096
        }
      ]
    },
    {
      "title": "",
      "media_list_data": [
        
      ],
      "string_list_data": [
        {
          "href": "https://www.instagram.com/shidqiii_",
          "value": "shidqiii_",
          "timestamp": 1697417997
        }
      ]
    },
    {
      "title": "",
      "media_list_data": [
        
      ],
      "string_list_data": [
        {
          "href": "https://www.instagram.com/nuuwuun",
          "value": "nuuwuun",
          "timestamp": 1697417989
        }
      ]
    },
    {
      "title": "",
      "media_list_data": [
        
      ],
      "string_list_data": [
        {
          "href": "https://www.instagram.com/pradika.18",
          "value": "pradika.18",
          "timestamp": 1697370630
        }
      ]
    },
    {
      "title": "",
      "media_list_data": [
        
      ],
      "string_list_data": [
        {
          "href": "https://www.instagram.com/zen.drs",
          "value": "zen.drs",
          "timestamp": 1696918255
        }
      ]
    },
    {
      "title": "",
      "media_list_data": [
        
      ],
      "string_list_data": [
        {
          "href": "https://www.instagram.com/nyndra.aj",
          "value": "nyndra.aj",
          "timestamp": 1696813309
        }
      ]
    },
    {
      "title": "",
      "media_list_data": [
        
      ],
      "string_list_data": [
        {
          "href": "https://www.instagram.com/byyyaaan",
          "value": "byyyaaan",
          "timestamp": 1696600450
        }
      ]
    },
    {
      "title": "",
      "media_list_data": [
        
      ],
      "string_list_data": [
        {
          "href": "https://www.instagram.com/naufaldhafa",
          "value": "naufaldhafa",
          "timestamp": 1696587587
        }
      ]
    },
    {
      "title": "",
      "media_list_data": [
        
      ],
      "string_list_data": [
        {
          "href": "https://www.instagram.com/akbarfaa",
          "value": "akbarfaa",
          "timestamp": 1696495442
        }
      ]
    },
    {
      "title": "",
      "media_list_data": [
        
      ],
      "string_list_data": [
        {
          "href": "https://www.instagram.com/bakedpotacoke",
          "value": "bakedpotacoke",
          "timestamp": 1695896320
        }
      ]
    },
    {
      "title": "",
      "media_list_data": [
        
      ],
      "string_list_data": [
        {
          "href": "https://www.instagram.com/superrhikari",
          "value": "superrhikari",
          "timestamp": 1695405556
        }
      ]
    },
    {
      "title": "",
      "media_list_data": [
        
      ],
      "string_list_data": [
        {
          "href": "https://www.instagram.com/passsyah",
          "value": "passsyah",
          "timestamp": 1695402667
        }
      ]
    },
    {
      "title": "",
      "media_list_data": [
        
      ],
      "string_list_data": [
        {
          "href": "https://www.instagram.com/_hardz",
          "value": "_hardz",
          "timestamp": 1695393704
        }
      ]
    },
    {
      "title": "",
      "media_list_data": [
        
      ],
      "string_list_data": [
        {
          "href": "https://www.instagram.com/rafiff_16",
          "value": "rafiff_16",
          "timestamp": 1695388757
        }
      ]
    },
    {
      "title": "",
      "media_list_data": [
        
      ],
      "string_list_data": [
        {
          "href": "https://www.instagram.com/sabil_aditia",
          "value": "sabil_aditia",
          "timestamp": 1694597758
        }
      ]
    },
    {
      "title": "",
      "media_list_data": [
        
      ],
      "string_list_data": [
        {
          "href": "https://www.instagram.com/karinawsr",
          "value": "karinawsr",
          "timestamp": 1694362219
        }
      ]
    },
    {
      "title": "",
      "media_list_data": [
        
      ],
      "string_list_data": [
        {
          "href": "https://www.instagram.com/pnj_basketball",
          "value": "pnj_basketball",
          "timestamp": 1694158456
        }
      ]
    },
    {
      "title": "",
      "media_list_data": [
        
      ],
      "string_list_data": [
        {
          "href": "https://www.instagram.com/deandrxxa",
          "value": "deandrxxa",
          "timestamp": 1693975928
        }
      ]
    },
    {
      "title": "",
      "media_list_data": [
        
      ],
      "string_list_data": [
        {
          "href": "https://www.instagram.com/acmd_zkrn",
          "value": "acmd_zkrn",
          "timestamp": 1693773753
        }
      ]
    },
    {
      "title": "",
      "media_list_data": [
        
      ],
      "string_list_data": [
        {
          "href": "https://www.instagram.com/dhafin_wey",
          "value": "dhafin_wey",
          "timestamp": 1693759708
        }
      ]
    },
    {
      "title": "",
      "media_list_data": [
        
      ],
      "string_list_data": [
        {
          "href": "https://www.instagram.com/dewihn._",
          "value": "dewihn._",
          "timestamp": 1693579728
        }
      ]
    },
    {
      "title": "",
      "media_list_data": [
        
      ],
      "string_list_data": [
        {
          "href": "https://www.instagram.com/azntsl",
          "value": "azntsl",
          "timestamp": 1693550309
        }
      ]
    },
    {
      "title": "",
      "media_list_data": [
        
      ],
      "string_list_data": [
        {
          "href": "https://www.instagram.com/araav.z",
          "value": "araav.z",
          "timestamp": 1693502895
        }
      ]
    },
    {
      "title": "",
      "media_list_data": [
        
      ],
      "string_list_data": [
        {
          "href": "https://www.instagram.com/zhrahprn",
          "value": "zhrahprn",
          "timestamp": 1693502153
        }
      ]
    },
    {
      "title": "",
      "media_list_data": [
        
      ],
      "string_list_data": [
        {
          "href": "https://www.instagram.com/trinikko",
          "value": "trinikko",
          "timestamp": 1693501852
        }
      ]
    },
    {
      "title": "",
      "media_list_data": [
        
      ],
      "string_list_data": [
        {
          "href": "https://www.instagram.com/_fvboymybe",
          "value": "_fvboymybe",
          "timestamp": 1693501490
        }
      ]
    },
    {
      "title": "",
      "media_list_data": [
        
      ],
      "string_list_data": [
        {
          "href": "https://www.instagram.com/evirous.yk",
          "value": "evirous.yk",
          "timestamp": 1693501417
        }
      ]
    },
    {
      "title": "",
      "media_list_data": [
        
      ],
      "string_list_data": [
        {
          "href": "https://www.instagram.com/syifaafauziiaah",
          "value": "syifaafauziiaah",
          "timestamp": 1693368792
        }
      ]
    },
    {
      "title": "",
      "media_list_data": [
        
      ],
      "string_list_data": [
        {
          "href": "https://www.instagram.com/cosmicitrus",
          "value": "cosmicitrus",
          "timestamp": 1692986195
        }
      ]
    },
    {
      "title": "",
      "media_list_data": [
        
      ],
      "string_list_data": [
        {
          "href": "https://www.instagram.com/iam.aliyasrn",
          "value": "iam.aliyasrn",
          "timestamp": 1692899842
        }
      ]
    },
    {
      "title": "",
      "media_list_data": [
        
      ],
      "string_list_data": [
        {
          "href": "https://www.instagram.com/tirthadamar",
          "value": "tirthadamar",
          "timestamp": 1692899561
        }
      ]
    },
    {
      "title": "",
      "media_list_data": [
        
      ],
      "string_list_data": [
        {
          "href": "https://www.instagram.com/dindaax.x",
          "value": "dindaax.x",
          "timestamp": 1692876446
        }
      ]
    },
    {
      "title": "",
      "media_list_data": [
        
      ],
      "string_list_data": [
        {
          "href": "https://www.instagram.com/nadiafauu",
          "value": "nadiafauu",
          "timestamp": 1692866390
        }
      ]
    },
    {
      "title": "",
      "media_list_data": [
        
      ],
      "string_list_data": [
        {
          "href": "https://www.instagram.com/najwaaar_",
          "value": "najwaaar_",
          "timestamp": 1692861974
        }
      ]
    },
    {
      "title": "",
      "media_list_data": [
        
      ],
      "string_list_data": [
        {
          "href": "https://www.instagram.com/sznraff",
          "value": "sznraff",
          "timestamp": 1692860778
        }
      ]
    },
    {
      "title": "",
      "media_list_data": [
        
      ],
      "string_list_data": [
        {
          "href": "https://www.instagram.com/dhan.ammm",
          "value": "dhan.ammm",
          "timestamp": 1692860706
        }
      ]
    },
    {
      "title": "",
      "media_list_data": [
        
      ],
      "string_list_data": [
        {
          "href": "https://www.instagram.com/hammad_.21",
          "value": "hammad_.21",
          "timestamp": 1692860697
        }
      ]
    },
    {
      "title": "",
      "media_list_data": [
        
      ],
      "string_list_data": [
        {
          "href": "https://www.instagram.com/nadiariesta_",
          "value": "nadiariesta_",
          "timestamp": 1692860682
        }
      ]
    },
    {
      "title": "",
      "media_list_data": [
        
      ],
      "string_list_data": [
        {
          "href": "https://www.instagram.com/febirafaza",
          "value": "febirafaza",
          "timestamp": 1692860672
        }
      ]
    },
    {
      "title": "",
      "media_list_data": [
        
      ],
      "string_list_data": [
        {
          "href": "https://www.instagram.com/allyazxn",
          "value": "allyazxn",
          "timestamp": 1692860644
        }
      ]
    },
    {
      "title": "",
      "media_list_data": [
        
      ],
      "string_list_data": [
        {
          "href": "https://www.instagram.com/sallmaa.as",
          "value": "sallmaa.as",
          "timestamp": 1692860633
        }
      ]
    },
    {
      "title": "",
      "media_list_data": [
        
      ],
      "string_list_data": [
        {
          "href": "https://www.instagram.com/kartikasy_",
          "value": "kartikasy_",
          "timestamp": 1692860541
        }
      ]
    },
    {
      "title": "",
      "media_list_data": [
        
      ],
      "string_list_data": [
        {
          "href": "https://www.instagram.com/nr.ginaaz",
          "value": "nr.ginaaz",
          "timestamp": 1692860457
        }
      ]
    },
    {
      "title": "",
      "media_list_data": [
        
      ],
      "string_list_data": [
        {
          "href": "https://www.instagram.com/max.desanta",
          "value": "max.desanta",
          "timestamp": 1692804261
        }
      ]
    },
    {
      "title": "",
      "media_list_data": [
        
      ],
      "string_list_data": [
        {
          "href": "https://www.instagram.com/maylfzh",
          "value": "maylfzh",
          "timestamp": 1692802918
        }
      ]
    },
    {
      "title": "",
      "media_list_data": [
        
      ],
      "string_list_data": [
        {
          "href": "https://www.instagram.com/ekalioz_",
          "value": "ekalioz_",
          "timestamp": 1692688771
        }
      ]
    },
    {
      "title": "",
      "media_list_data": [
        
      ],
      "string_list_data": [
        {
          "href": "https://www.instagram.com/_khaylila_safitri",
          "value": "_khaylila_safitri",
          "timestamp": 1692688701
        }
      ]
    },
    {
      "title": "",
      "media_list_data": [
        
      ],
      "string_list_data": [
        {
          "href": "https://www.instagram.com/alyazzhras",
          "value": "alyazzhras",
          "timestamp": 1692686233
        }
      ]
    },
    {
      "title": "",
      "media_list_data": [
        
      ],
      "string_list_data": [
        {
          "href": "https://www.instagram.com/dwsk8_",
          "value": "dwsk8_",
          "timestamp": 1692685462
        }
      ]
    },
    {
      "title": "",
      "media_list_data": [
        
      ],
      "string_list_data": [
        {
          "href": "https://www.instagram.com/rnndgs_",
          "value": "rnndgs_",
          "timestamp": 1692685075
        }
      ]
    },
    {
      "title": "",
      "media_list_data": [
        
      ],
      "string_list_data": [
        {
          "href": "https://www.instagram.com/ndzr_25",
          "value": "ndzr_25",
          "timestamp": 1692684688
        }
      ]
    },
    {
      "title": "",
      "media_list_data": [
        
      ],
      "string_list_data": [
        {
          "href": "https://www.instagram.com/rifqidwin_",
          "value": "rifqidwin_",
          "timestamp": 1692684603
        }
      ]
    },
    {
      "title": "",
      "media_list_data": [
        
      ],
      "string_list_data": [
        {
          "href": "https://www.instagram.com/_daneraf",
          "value": "_daneraf",
          "timestamp": 1692552206
        }
      ]
    },
    {
      "title": "",
      "media_list_data": [
        
      ],
      "string_list_data": [
        {
          "href": "https://www.instagram.com/rachelladelinee",
          "value": "rachelladelinee",
          "timestamp": 1691668220
        }
      ]
    },
    {
      "title": "",
      "media_list_data": [
        
      ],
      "string_list_data": [
        {
          "href": "https://www.instagram.com/induction.days",
          "value": "induction.days",
          "timestamp": 1691386438
        }
      ]
    },
    {
      "title": "",
      "media_list_data": [
        
      ],
      "string_list_data": [
        {
          "href": "https://www.instagram.com/ccit_ftui",
          "value": "ccit_ftui",
          "timestamp": 1691163490
        }
      ]
    },
    {
      "title": "",
      "media_list_data": [
        
      ],
      "string_list_data": [
        {
          "href": "https://www.instagram.com/putrrandini",
          "value": "putrrandini",
          "timestamp": 1691054614
        }
      ]
    },
    {
      "title": "",
      "media_list_data": [
        
      ],
      "string_list_data": [
        {
          "href": "https://www.instagram.com/elfiraays",
          "value": "elfiraays",
          "timestamp": 1690899145
        }
      ]
    },
    {
      "title": "",
      "media_list_data": [
        
      ],
      "string_list_data": [
        {
          "href": "https://www.instagram.com/henokhrdlfx",
          "value": "henokhrdlfx",
          "timestamp": 1690891070
        }
      ]
    },
    {
      "title": "",
      "media_list_data": [
        
      ],
      "string_list_data": [
        {
          "href": "https://www.instagram.com/taryvandeyraa",
          "value": "taryvandeyraa",
          "timestamp": 1690672628
        }
      ]
    },
    {
      "title": "",
      "media_list_data": [
        
      ],
      "string_list_data": [
        {
          "href": "https://www.instagram.com/rifaamdht",
          "value": "rifaamdht",
          "timestamp": 1690607552
        }
      ]
    },
    {
      "title": "",
      "media_list_data": [
        
      ],
      "string_list_data": [
        {
          "href": "https://www.instagram.com/maryamhptrni",
          "value": "maryamhptrni",
          "timestamp": 1690558606
        }
      ]
    },
    {
      "title": "",
      "media_list_data": [
        
      ],
      "string_list_data": [
        {
          "href": "https://www.instagram.com/kimel.p",
          "value": "kimel.p",
          "timestamp": 1690544610
        }
      ]
    },
    {
      "title": "",
      "media_list_data": [
        
      ],
      "string_list_data": [
        {
          "href": "https://www.instagram.com/jniorannda",
          "value": "jniorannda",
          "timestamp": 1690534347
        }
      ]
    },
    {
      "title": "",
      "media_list_data": [
        
      ],
      "string_list_data": [
        {
          "href": "https://www.instagram.com/leeebs_",
          "value": "leeebs_",
          "timestamp": 1690337902
        }
      ]
    },
    {
      "title": "",
      "media_list_data": [
        
      ],
      "string_list_data": [
        {
          "href": "https://www.instagram.com/mednoob",
          "value": "mednoob",
          "timestamp": 1690298262
        }
      ]
    },
    {
      "title": "",
      "media_list_data": [
        
      ],
      "string_list_data": [
        {
          "href": "https://www.instagram.com/angelcalliistaa",
          "value": "angelcalliistaa",
          "timestamp": 1690297151
        }
      ]
    },
    {
      "title": "",
      "media_list_data": [
        
      ],
      "string_list_data": [
        {
          "href": "https://www.instagram.com/achmd.dhani",
          "value": "achmd.dhani",
          "timestamp": 1690296677
        }
      ]
    },
    {
      "title": "",
      "media_list_data": [
        
      ],
      "string_list_data": [
        {
          "href": "https://www.instagram.com/himatikpnj",
          "value": "himatikpnj",
          "timestamp": 1690261347
        }
      ]
    },
    {
      "title": "",
      "media_list_data": [
        
      ],
      "string_list_data": [
        {
          "href": "https://www.instagram.com/politekniknegerijakarta",
          "value": "politekniknegerijakarta",
          "timestamp": 1690209461
        }
      ]
    },
    {
      "title": "",
      "media_list_data": [
        
      ],
      "string_list_data": [
        {
          "href": "https://www.instagram.com/bempnj",
          "value": "bempnj",
          "timestamp": 1690209344
        }
      ]
    },
    {
      "title": "",
      "media_list_data": [
        
      ],
      "string_list_data": [
        {
          "href": "https://www.instagram.com/mutiiaraps",
          "value": "mutiiaraps",
          "timestamp": 1690201548
        }
      ]
    },
    {
      "title": "",
      "media_list_data": [
        
      ],
      "string_list_data": [
        {
          "href": "https://www.instagram.com/mutiarauraa_",
          "value": "mutiarauraa_",
          "timestamp": 1690080847
        }
      ]
    },
    {
      "title": "",
      "media_list_data": [
        
      ],
      "string_list_data": [
        {
          "href": "https://www.instagram.com/aliyyakhansa",
          "value": "aliyyakhansa",
          "timestamp": 1690020910
        }
      ]
    },
    {
      "title": "",
      "media_list_data": [
        
      ],
      "string_list_data": [
        {
          "href": "https://www.instagram.com/rzki_arrrr",
          "value": "rzki_arrrr",
          "timestamp": 1690020903
        }
      ]
    },
    {
      "title": "",
      "media_list_data": [
        
      ],
      "string_list_data": [
        {
          "href": "https://www.instagram.com/juliantidnd_",
          "value": "juliantidnd_",
          "timestamp": 1690020866
        }
      ]
    },
    {
      "title": "",
      "media_list_data": [
        
      ],
      "string_list_data": [
        {
          "href": "https://www.instagram.com/miilkwatt",
          "value": "miilkwatt",
          "timestamp": 1690020691
        }
      ]
    },
    {
      "title": "",
      "media_list_data": [
        
      ],
      "string_list_data": [
        {
          "href": "https://www.instagram.com/tellmedaps",
          "value": "tellmedaps",
          "timestamp": 1690013923
        }
      ]
    },
    {
      "title": "",
      "media_list_data": [
        
      ],
      "string_list_data": [
        {
          "href": "https://www.instagram.com/febbyydwii",
          "value": "febbyydwii",
          "timestamp": 1690001354
        }
      ]
    },
    {
      "title": "",
      "media_list_data": [
        
      ],
      "string_list_data": [
        {
          "href": "https://www.instagram.com/jastinputrapetir",
          "value": "jastinputrapetir",
          "timestamp": 1689951181
        }
      ]
    },
    {
      "title": "",
      "media_list_data": [
        
      ],
      "string_list_data": [
        {
          "href": "https://www.instagram.com/arrmeeennn",
          "value": "arrmeeennn",
          "timestamp": 1689919174
        }
      ]
    },
    {
      "title": "",
      "media_list_data": [
        
      ],
      "string_list_data": [
        {
          "href": "https://www.instagram.com/ameezuffinn_",
          "value": "ameezuffinn_",
          "timestamp": 1689662876
        }
      ]
    },
    {
      "title": "",
      "media_list_data": [
        
      ],
      "string_list_data": [
        {
          "href": "https://www.instagram.com/bil0ne3y",
          "value": "bil0ne3y",
          "timestamp": 1689496771
        }
      ]
    },
    {
      "title": "",
      "media_list_data": [
        
      ],
      "string_list_data": [
        {
          "href": "https://www.instagram.com/dontmesswithdean",
          "value": "dontmesswithdean",
          "timestamp": 1686571855
        }
      ]
    },
    {
      "title": "",
      "media_list_data": [
        
      ],
      "string_list_data": [
        {
          "href": "https://www.instagram.com/hisyamaulanaaa",
          "value": "hisyamaulanaaa",
          "timestamp": 1685683205
        }
      ]
    },
    {
      "title": "",
      "media_list_data": [
        
      ],
      "string_list_data": [
        {
          "href": "https://www.instagram.com/paulwalker",
          "value": "paulwalker",
          "timestamp": 1685029193
        }
      ]
    },
    {
      "title": "",
      "media_list_data": [
        
      ],
      "string_list_data": [
        {
          "href": "https://www.instagram.com/unnes_semarang",
          "value": "unnes_semarang",
          "timestamp": 1684822668
        }
      ]
    },
    {
      "title": "",
      "media_list_data": [
        
      ],
      "string_list_data": [
        {
          "href": "https://www.instagram.com/nawafahsan",
          "value": "nawafahsan",
          "timestamp": 1684402145
        }
      ]
    },
    {
      "title": "",
      "media_list_data": [
        
      ],
      "string_list_data": [
        {
          "href": "https://www.instagram.com/neyshaichigo_drawing",
          "value": "neyshaichigo_drawing",
          "timestamp": 1684109181
        }
      ]
    },
    {
      "title": "",
      "media_list_data": [
        
      ],
      "string_list_data": [
        {
          "href": "https://www.instagram.com/titapqita17",
          "value": "titapqita17",
          "timestamp": 1684074687
        }
      ]
    },
    {
      "title": "",
      "media_list_data": [
        
      ],
      "string_list_data": [
        {
          "href": "https://www.instagram.com/hilmii.af",
          "value": "hilmii.af",
          "timestamp": 1684074468
        }
      ]
    },
    {
      "title": "",
      "media_list_data": [
        
      ],
      "string_list_data": [
        {
          "href": "https://www.instagram.com/asmidinnn",
          "value": "asmidinnn",
          "timestamp": 1683098856
        }
      ]
    },
    {
      "title": "",
      "media_list_data": [
        
      ],
      "string_list_data": [
        {
          "href": "https://www.instagram.com/alisaaulia_",
          "value": "alisaaulia_",
          "timestamp": 1682866018
        }
      ]
    },
    {
      "title": "",
      "media_list_data": [
        
      ],
      "string_list_data": [
        {
          "href": "https://www.instagram.com/pocketbiih",
          "value": "pocketbiih",
          "timestamp": 1680521696
        }
      ]
    },
    {
      "title": "",
      "media_list_data": [
        
      ],
      "string_list_data": [
        {
          "href": "https://www.instagram.com/hanazahrs",
          "value": "hanazahrs",
          "timestamp": 1678654119
        }
      ]
    },
    {
      "title": "",
      "media_list_data": [
        
      ],
      "string_list_data": [
        {
          "href": "https://www.instagram.com/jekkillinside",
          "value": "jekkillinside",
          "timestamp": 1677218480
        }
      ]
    },
    {
      "title": "",
      "media_list_data": [
        
      ],
      "string_list_data": [
        {
          "href": "https://www.instagram.com/dipolismmm",
          "value": "dipolismmm",
          "timestamp": 1676709575
        }
      ]
    },
    {
      "title": "",
      "media_list_data": [
        
      ],
      "string_list_data": [
        {
          "href": "https://www.instagram.com/supisimarmut",
          "value": "supisimarmut",
          "timestamp": 1676174897
        }
      ]
    },
    {
      "title": "",
      "media_list_data": [
        
      ],
      "string_list_data": [
        {
          "href": "https://www.instagram.com/cipswasnthere",
          "value": "cipswasnthere",
          "timestamp": 1675341124
        }
      ]
    },
    {
      "title": "",
      "media_list_data": [
        
      ],
      "string_list_data": [
        {
          "href": "https://www.instagram.com/starwars",
          "value": "starwars",
          "timestamp": 1675311025
        }
      ]
    },
    {
      "title": "",
      "media_list_data": [
        
      ],
      "string_list_data": [
        {
          "href": "https://www.instagram.com/rdsbimongrho",
          "value": "rdsbimongrho",
          "timestamp": 1675140636
        }
      ]
    },
    {
      "title": "",
      "media_list_data": [
        
      ],
      "string_list_data": [
        {
          "href": "https://www.instagram.com/zody.pratama",
          "value": "zody.pratama",
          "timestamp": 1674827833
        }
      ]
    },
    {
      "title": "",
      "media_list_data": [
        
      ],
      "string_list_data": [
        {
          "href": "https://www.instagram.com/julianinursyaa",
          "value": "julianinursyaa",
          "timestamp": 1674691216
        }
      ]
    },
    {
      "title": "",
      "media_list_data": [
        
      ],
      "string_list_data": [
        {
          "href": "https://www.instagram.com/najwa_lailia",
          "value": "najwa_lailia",
          "timestamp": 1674655570
        }
      ]
    },
    {
      "title": "",
      "media_list_data": [
        
      ],
      "string_list_data": [
        {
          "href": "https://www.instagram.com/khayllaa.__",
          "value": "khayllaa.__",
          "timestamp": 1674603119
        }
      ]
    },
    {
      "title": "",
      "media_list_data": [
        
      ],
      "string_list_data": [
        {
          "href": "https://www.instagram.com/imnotdapp",
          "value": "imnotdapp",
          "timestamp": 1674278894
        }
      ]
    },
    {
      "title": "",
      "media_list_data": [
        
      ],
      "string_list_data": [
        {
          "href": "https://www.instagram.com/erzaksatriaw_",
          "value": "erzaksatriaw_",
          "timestamp": 1674278144
        }
      ]
    },
    {
      "title": "",
      "media_list_data": [
        
      ],
      "string_list_data": [
        {
          "href": "https://www.instagram.com/suciihasan_",
          "value": "suciihasan_",
          "timestamp": 1673917036
        }
      ]
    },
    {
      "title": "",
      "media_list_data": [
        
      ],
      "string_list_data": [
        {
          "href": "https://www.instagram.com/ydaand",
          "value": "ydaand",
          "timestamp": 1673175754
        }
      ]
    },
    {
      "title": "",
      "media_list_data": [
        
      ],
      "string_list_data": [
        {
          "href": "https://www.instagram.com/rorry_mulle",
          "value": "rorry_mulle",
          "timestamp": 1672413293
        }
      ]
    },
    {
      "title": "",
      "media_list_data": [
        
      ],
      "string_list_data": [
        {
          "href": "https://www.instagram.com/kayylazahra",
          "value": "kayylazahra",
          "timestamp": 1672113282
        }
      ]
    },
    {
      "title": "",
      "media_list_data": [
        
      ],
      "string_list_data": [
        {
          "href": "https://www.instagram.com/ssunshinyy0",
          "value": "ssunshinyy0",
          "timestamp": 1672014891
        }
      ]
    },
    {
      "title": "",
      "media_list_data": [
        
      ],
      "string_list_data": [
        {
          "href": "https://www.instagram.com/janevarsl_",
          "value": "janevarsl_",
          "timestamp": 1671422976
        }
      ]
    },
    {
      "title": "",
      "media_list_data": [
        
      ],
      "string_list_data": [
        {
          "href": "https://www.instagram.com/callmejeenn",
          "value": "callmejeenn",
          "timestamp": 1671419860
        }
      ]
    },
    {
      "title": "",
      "media_list_data": [
        
      ],
      "string_list_data": [
        {
          "href": "https://www.instagram.com/dnkhnrsaa",
          "value": "dnkhnrsaa",
          "timestamp": 1669854283
        }
      ]
    },
    {
      "title": "",
      "media_list_data": [
        
      ],
      "string_list_data": [
        {
          "href": "https://www.instagram.com/nattasyaca",
          "value": "nattasyaca",
          "timestamp": 1668937568
        }
      ]
    },
    {
      "title": "",
      "media_list_data": [
        
      ],
      "string_list_data": [
        {
          "href": "https://www.instagram.com/ranggaa.rd",
          "value": "ranggaa.rd",
          "timestamp": 1668566183
        }
      ]
    },
    {
      "title": "",
      "media_list_data": [
        
      ],
      "string_list_data": [
        {
          "href": "https://www.instagram.com/rayaaaaak",
          "value": "rayaaaaak",
          "timestamp": 1668155949
        }
      ]
    },
    {
      "title": "",
      "media_list_data": [
        
      ],
      "string_list_data": [
        {
          "href": "https://www.instagram.com/syamirfan28",
          "value": "syamirfan28",
          "timestamp": 1667526316
        }
      ]
    },
    {
      "title": "",
      "media_list_data": [
        
      ],
      "string_list_data": [
        {
          "href": "https://www.instagram.com/hakamivasya",
          "value": "hakamivasya",
          "timestamp": 1667226146
        }
      ]
    },
    {
      "title": "",
      "media_list_data": [
        
      ],
      "string_list_data": [
        {
          "href": "https://www.instagram.com/alfiaazhh",
          "value": "alfiaazhh",
          "timestamp": 1665480441
        }
      ]
    },
    {
      "title": "",
      "media_list_data": [
        
      ],
      "string_list_data": [
        {
          "href": "https://www.instagram.com/ditttxhunter",
          "value": "ditttxhunter",
          "timestamp": 1665396307
        }
      ]
    },
    {
      "title": "",
      "media_list_data": [
        
      ],
      "string_list_data": [
        {
          "href": "https://www.instagram.com/azaain_",
          "value": "azaain_",
          "timestamp": 1665354720
        }
      ]
    },
    {
      "title": "",
      "media_list_data": [
        
      ],
      "string_list_data": [
        {
          "href": "https://www.instagram.com/hobah_patriot",
          "value": "hobah_patriot",
          "timestamp": 1664898237
        }
      ]
    },
    {
      "title": "",
      "media_list_data": [
        
      ],
      "string_list_data": [
        {
          "href": "https://www.instagram.com/zahran.andhika",
          "value": "zahran.andhika",
          "timestamp": 1664715078
        }
      ]
    },
    {
      "title": "",
      "media_list_data": [
        
      ],
      "string_list_data": [
        {
          "href": "https://www.instagram.com/ardiansyah.k_",
          "value": "ardiansyah.k_",
          "timestamp": 1664407847
        }
      ]
    },
    {
      "title": "",
      "media_list_data": [
        
      ],
      "string_list_data": [
        {
          "href": "https://www.instagram.com/xelmazl",
          "value": "xelmazl",
          "timestamp": 1664123472
        }
      ]
    },
    {
      "title": "",
      "media_list_data": [
        
      ],
      "string_list_data": [
        {
          "href": "https://www.instagram.com/sallchaaaa",
          "value": "sallchaaaa",
          "timestamp": 1663854906
        }
      ]
    },
    {
      "title": "",
      "media_list_data": [
        
      ],
      "string_list_data": [
        {
          "href": "https://www.instagram.com/zkyraa_",
          "value": "zkyraa_",
          "timestamp": 1663685247
        }
      ]
    },
    {
      "title": "",
      "media_list_data": [
        
      ],
      "string_list_data": [
        {
          "href": "https://www.instagram.com/rayhan.frn17",
          "value": "rayhan.frn17",
          "timestamp": 1663344542
        }
      ]
    },
    {
      "title": "",
      "media_list_data": [
        
      ],
      "string_list_data": [
        {
          "href": "https://www.instagram.com/abel.malta",
          "value": "abel.malta",
          "timestamp": 1663215310
        }
      ]
    },
    {
      "title": "",
      "media_list_data": [
        
      ],
      "string_list_data": [
        {
          "href": "https://www.instagram.com/deannn.el",
          "value": "deannn.el",
          "timestamp": 1663172077
        }
      ]
    },
    {
      "title": "",
      "media_list_data": [
        
      ],
      "string_list_data": [
        {
          "href": "https://www.instagram.com/thania.livy",
          "value": "thania.livy",
          "timestamp": 1663067355
        }
      ]
    },
    {
      "title": "",
      "media_list_data": [
        
      ],
      "string_list_data": [
        {
          "href": "https://www.instagram.com/adzraa.nabilah",
          "value": "adzraa.nabilah",
          "timestamp": 1663064593
        }
      ]
    },
    {
      "title": "",
      "media_list_data": [
        
      ],
      "string_list_data": [
        {
          "href": "https://www.instagram.com/aureliekaf",
          "value": "aureliekaf",
          "timestamp": 1663059930
        }
      ]
    },
    {
      "title": "",
      "media_list_data": [
        
      ],
      "string_list_data": [
        {
          "href": "https://www.instagram.com/hanntheminiboss",
          "value": "hanntheminiboss",
          "timestamp": 1662971722
        }
      ]
    },
    {
      "title": "",
      "media_list_data": [
        
      ],
      "string_list_data": [
        {
          "href": "https://www.instagram.com/gustafrzky",
          "value": "gustafrzky",
          "timestamp": 1662785007
        }
      ]
    },
    {
      "title": "",
      "media_list_data": [
        
      ],
      "string_list_data": [
        {
          "href": "https://www.instagram.com/_salsabila15_._",
          "value": "_salsabila15_._",
          "timestamp": 1662524972
        }
      ]
    },
    {
      "title": "",
      "media_list_data": [
        
      ],
      "string_list_data": [
        {
          "href": "https://www.instagram.com/ysmnatika",
          "value": "ysmnatika",
          "timestamp": 1662520490
        }
      ]
    },
    {
      "title": "",
      "media_list_data": [
        
      ],
      "string_list_data": [
        {
          "href": "https://www.instagram.com/nazwamrh",
          "value": "nazwamrh",
          "timestamp": 1662356214
        }
      ]
    },
    {
      "title": "",
      "media_list_data": [
        
      ],
      "string_list_data": [
        {
          "href": "https://www.instagram.com/qiranadelia",
          "value": "qiranadelia",
          "timestamp": 1662327780
        }
      ]
    },
    {
      "title": "",
      "media_list_data": [
        
      ],
      "string_list_data": [
        {
          "href": "https://www.instagram.com/lullabyninda",
          "value": "lullabyninda",
          "timestamp": 1662208188
        }
      ]
    },
    {
      "title": "",
      "media_list_data": [
        
      ],
      "string_list_data": [
        {
          "href": "https://www.instagram.com/elvirabelindaa",
          "value": "elvirabelindaa",
          "timestamp": 1662112612
        }
      ]
    },
    {
      "title": "",
      "media_list_data": [
        
      ],
      "string_list_data": [
        {
          "href": "https://www.instagram.com/_riskaaaaa_0",
          "value": "_riskaaaaa_0",
          "timestamp": 1662102932
        }
      ]
    },
    {
      "title": "",
      "media_list_data": [
        
      ],
      "string_list_data": [
        {
          "href": "https://www.instagram.com/dryldnswra",
          "value": "dryldnswra",
          "timestamp": 1661303405
        }
      ]
    },
    {
      "title": "",
      "media_list_data": [
        
      ],
      "string_list_data": [
        {
          "href": "https://www.instagram.com/syifaasyauqi",
          "value": "syifaasyauqi",
          "timestamp": 1661209926
        }
      ]
    },
    {
      "title": "",
      "media_list_data": [
        
      ],
      "string_list_data": [
        {
          "href": "https://www.instagram.com/alaykaara",
          "value": "alaykaara",
          "timestamp": 1661156852
        }
      ]
    },
    {
      "title": "",
      "media_list_data": [
        
      ],
      "string_list_data": [
        {
          "href": "https://www.instagram.com/rafliwaiyaa_",
          "value": "rafliwaiyaa_",
          "timestamp": 1660741267
        }
      ]
    },
    {
      "title": "",
      "media_list_data": [
        
      ],
      "string_list_data": [
        {
          "href": "https://www.instagram.com/arfazmii",
          "value": "arfazmii",
          "timestamp": 1660565432
        }
      ]
    },
    {
      "title": "",
      "media_list_data": [
        
      ],
      "string_list_data": [
        {
          "href": "https://www.instagram.com/folkative",
          "value": "folkative",
          "timestamp": 1660388479
        }
      ]
    },
    {
      "title": "",
      "media_list_data": [
        
      ],
      "string_list_data": [
        {
          "href": "https://www.instagram.com/firmanpsasmita",
          "value": "firmanpsasmita",
          "timestamp": 1659623110
        }
      ]
    },
    {
      "title": "",
      "media_list_data": [
        
      ],
      "string_list_data": [
        {
          "href": "https://www.instagram.com/n.herdians",
          "value": "n.herdians",
          "timestamp": 1659617703
        }
      ]
    },
    {
      "title": "",
      "media_list_data": [
        
      ],
      "string_list_data": [
        {
          "href": "https://www.instagram.com/jakii.rz",
          "value": "jakii.rz",
          "timestamp": 1659617545
        }
      ]
    },
    {
      "title": "",
      "media_list_data": [
        
      ],
      "string_list_data": [
        {
          "href": "https://www.instagram.com/derphobiaaa_",
          "value": "derphobiaaa_",
          "timestamp": 1659445458
        }
      ]
    },
    {
      "title": "",
      "media_list_data": [
        
      ],
      "string_list_data": [
        {
          "href": "https://www.instagram.com/aryasena.9",
          "value": "aryasena.9",
          "timestamp": 1659424817
        }
      ]
    },
    {
      "title": "",
      "media_list_data": [
        
      ],
      "string_list_data": [
        {
          "href": "https://www.instagram.com/renada_silalahi",
          "value": "renada_silalahi",
          "timestamp": 1659415952
        }
      ]
    },
    {
      "title": "",
      "media_list_data": [
        
      ],
      "string_list_data": [
        {
          "href": "https://www.instagram.com/senoopth",
          "value": "senoopth",
          "timestamp": 1659406935
        }
      ]
    },
    {
      "title": "",
      "media_list_data": [
        
      ],
      "string_list_data": [
        {
          "href": "https://www.instagram.com/fadzel_esa",
          "value": "fadzel_esa",
          "timestamp": 1659287166
        }
      ]
    },
    {
      "title": "",
      "media_list_data": [
        
      ],
      "string_list_data": [
        {
          "href": "https://www.instagram.com/mtchabaery",
          "value": "mtchabaery",
          "timestamp": 1659250161
        }
      ]
    },
    {
      "title": "",
      "media_list_data": [
        
      ],
      "string_list_data": [
        {
          "href": "https://www.instagram.com/abdur_haris",
          "value": "abdur_haris",
          "timestamp": 1659226472
        }
      ]
    },
    {
      "title": "",
      "media_list_data": [
        
      ],
      "string_list_data": [
        {
          "href": "https://www.instagram.com/rakaarfaa",
          "value": "rakaarfaa",
          "timestamp": 1658749444
        }
      ]
    },
    {
      "title": "",
      "media_list_data": [
        
      ],
      "string_list_data": [
        {
          "href": "https://www.instagram.com/armantohqm",
          "value": "armantohqm",
          "timestamp": 1658749267
        }
      ]
    },
    {
      "title": "",
      "media_list_data": [
        
      ],
      "string_list_data": [
        {
          "href": "https://www.instagram.com/manchesterunited",
          "value": "manchesterunited",
          "timestamp": 1657194064
        }
      ]
    },
    {
      "title": "",
      "media_list_data": [
        
      ],
      "string_list_data": [
        {
          "href": "https://www.instagram.com/kevandharmawan",
          "value": "kevandharmawan",
          "timestamp": 1656143680
        }
      ]
    },
    {
      "title": "",
      "media_list_data": [
        
      ],
      "string_list_data": [
        {
          "href": "https://www.instagram.com/justinputra_",
          "value": "justinputra_",
          "timestamp": 1655654229
        }
      ]
    },
    {
      "title": "",
      "media_list_data": [
        
      ],
      "string_list_data": [
        {
          "href": "https://www.instagram.com/dirizl__",
          "value": "dirizl__",
          "timestamp": 1655614011
        }
      ]
    },
    {
      "title": "",
      "media_list_data": [
        
      ],
      "string_list_data": [
        {
          "href": "https://www.instagram.com/hueeeeeeeeeeeeeeeee",
          "value": "hueeeeeeeeeeeeeeeee",
          "timestamp": 1655194356
        }
      ]
    },
    {
      "title": "",
      "media_list_data": [
        
      ],
      "string_list_data": [
        {
          "href": "https://www.instagram.com/calista_luckyta",
          "value": "calista_luckyta",
          "timestamp": 1654467487
        }
      ]
    },
    {
      "title": "",
      "media_list_data": [
        
      ],
      "string_list_data": [
        {
          "href": "https://www.instagram.com/fifathir_",
          "value": "fifathir_",
          "timestamp": 1654178096
        }
      ]
    },
    {
      "title": "",
      "media_list_data": [
        
      ],
      "string_list_data": [
        {
          "href": "https://www.instagram.com/ivan2110_",
          "value": "ivan2110_",
          "timestamp": 1653627154
        }
      ]
    },
    {
      "title": "",
      "media_list_data": [
        
      ],
      "string_list_data": [
        {
          "href": "https://www.instagram.com/wdie25",
          "value": "wdie25",
          "timestamp": 1652278967
        }
      ]
    },
    {
      "title": "",
      "media_list_data": [
        
      ],
      "string_list_data": [
        {
          "href": "https://www.instagram.com/amxlogy",
          "value": "amxlogy",
          "timestamp": 1651648539
        }
      ]
    },
    {
      "title": "",
      "media_list_data": [
        
      ],
      "string_list_data": [
        {
          "href": "https://www.instagram.com/derbywiira",
          "value": "derbywiira",
          "timestamp": 1651636745
        }
      ]
    },
    {
      "title": "",
      "media_list_data": [
        
      ],
      "string_list_data": [
        {
          "href": "https://www.instagram.com/anindaanr",
          "value": "anindaanr",
          "timestamp": 1651622954
        }
      ]
    },
    {
      "title": "",
      "media_list_data": [
        
      ],
      "string_list_data": [
        {
          "href": "https://www.instagram.com/falishalai",
          "value": "falishalai",
          "timestamp": 1651621850
        }
      ]
    },
    {
      "title": "",
      "media_list_data": [
        
      ],
      "string_list_data": [
        {
          "href": "https://www.instagram.com/zarazhrao",
          "value": "zarazhrao",
          "timestamp": 1651617730
        }
      ]
    },
    {
      "title": "",
      "media_list_data": [
        
      ],
      "string_list_data": [
        {
          "href": "https://www.instagram.com/zahraliya15",
          "value": "zahraliya15",
          "timestamp": 1651616181
        }
      ]
    },
    {
      "title": "",
      "media_list_data": [
        
      ],
      "string_list_data": [
        {
          "href": "https://www.instagram.com/thierrysafirr",
          "value": "thierrysafirr",
          "timestamp": 1651616055
        }
      ]
    },
    {
      "title": "",
      "media_list_data": [
        
      ],
      "string_list_data": [
        {
          "href": "https://www.instagram.com/shdqifdhl_",
          "value": "shdqifdhl_",
          "timestamp": 1651616016
        }
      ]
    },
    {
      "title": "",
      "media_list_data": [
        
      ],
      "string_list_data": [
        {
          "href": "https://www.instagram.com/ahmd_eki",
          "value": "ahmd_eki",
          "timestamp": 1651585014
        }
      ]
    },
    {
      "title": "",
      "media_list_data": [
        
      ],
      "string_list_data": [
        {
          "href": "https://www.instagram.com/raini00_",
          "value": "raini00_",
          "timestamp": 1651584997
        }
      ]
    },
    {
      "title": "",
      "media_list_data": [
        
      ],
      "string_list_data": [
        {
          "href": "https://www.instagram.com/dxfae",
          "value": "dxfae",
          "timestamp": 1649941809
        }
      ]
    },
    {
      "title": "",
      "media_list_data": [
        
      ],
      "string_list_data": [
        {
          "href": "https://www.instagram.com/beybieca",
          "value": "beybieca",
          "timestamp": 1648183666
        }
      ]
    },
    {
      "title": "",
      "media_list_data": [
        
      ],
      "string_list_data": [
        {
          "href": "https://www.instagram.com/af.rizaakbaaarr",
          "value": "af.rizaakbaaarr",
          "timestamp": 1648182110
        }
      ]
    },
    {
      "title": "",
      "media_list_data": [
        
      ],
      "string_list_data": [
        {
          "href": "https://www.instagram.com/dvndrysmr._",
          "value": "dvndrysmr._",
          "timestamp": 1648181996
        }
      ]
    },
    {
      "title": "",
      "media_list_data": [
        
      ],
      "string_list_data": [
        {
          "href": "https://www.instagram.com/_mndachel",
          "value": "_mndachel",
          "timestamp": 1648181975
        }
      ]
    },
    {
      "title": "",
      "media_list_data": [
        
      ],
      "string_list_data": [
        {
          "href": "https://www.instagram.com/ryan.hhw",
          "value": "ryan.hhw",
          "timestamp": 1645601387
        }
      ]
    },
    {
      "title": "",
      "media_list_data": [
        
      ],
      "string_list_data": [
        {
          "href": "https://www.instagram.com/ninafja",
          "value": "ninafja",
          "timestamp": 1645557494
        }
      ]
    },
    {
      "title": "",
      "media_list_data": [
        
      ],
      "string_list_data": [
        {
          "href": "https://www.instagram.com/_amndty",
          "value": "_amndty",
          "timestamp": 1643271153
        }
      ]
    },
    {
      "title": "",
      "media_list_data": [
        
      ],
      "string_list_data": [
        {
          "href": "https://www.instagram.com/the_lonely_fox_05",
          "value": "the_lonely_fox_05",
          "timestamp": 1642309500
        }
      ]
    },
    {
      "title": "",
      "media_list_data": [
        
      ],
      "string_list_data": [
        {
          "href": "https://www.instagram.com/nabilakhrh",
          "value": "nabilakhrh",
          "timestamp": 1632381880
        }
      ]
    },
    {
      "title": "",
      "media_list_data": [
        
      ],
      "string_list_data": [
        {
          "href": "https://www.instagram.com/rifqifrss",
          "value": "rifqifrss",
          "timestamp": 1623824388
        }
      ]
    },
    {
      "title": "",
      "media_list_data": [
        
      ],
      "string_list_data": [
        {
          "href": "https://www.instagram.com/atyrzki",
          "value": "atyrzki",
          "timestamp": 1617009484
        }
      ]
    },
    {
      "title": "",
      "media_list_data": [
        
      ],
      "string_list_data": [
        {
          "href": "https://www.instagram.com/rbniilhm",
          "value": "rbniilhm",
          "timestamp": 1613954058
        }
      ]
    },
    {
      "title": "",
      "media_list_data": [
        
      ],
      "string_list_data": [
        {
          "href": "https://www.instagram.com/nizmabawazier",
          "value": "nizmabawazier",
          "timestamp": 1600930084
        }
      ]
    },
    {
      "title": "",
      "media_list_data": [
        
      ],
      "string_list_data": [
        {
          "href": "https://www.instagram.com/tiar_000",
          "value": "tiar_000",
          "timestamp": 1599321256
        }
      ]
    },
    {
      "title": "",
      "media_list_data": [
        
      ],
      "string_list_data": [
        {
          "href": "https://www.instagram.com/mickjagger",
          "value": "mickjagger",
          "timestamp": 1597895471
        }
      ]
    },
    {
      "title": "",
      "media_list_data": [
        
      ],
      "string_list_data": [
        {
          "href": "https://www.instagram.com/aristonnnnn",
          "value": "aristonnnnn",
          "timestamp": 1597495619
        }
      ]
    },
    {
      "title": "",
      "media_list_data": [
        
      ],
      "string_list_data": [
        {
          "href": "https://www.instagram.com/adrnirmn",
          "value": "adrnirmn",
          "timestamp": 1596552498
        }
      ]
    },
    {
      "title": "",
      "media_list_data": [
        
      ],
      "string_list_data": [
        {
          "href": "https://www.instagram.com/yzalsyra",
          "value": "yzalsyra",
          "timestamp": 1594689230
        }
      ]
    },
    {
      "title": "",
      "media_list_data": [
        
      ],
      "string_list_data": [
        {
          "href": "https://www.instagram.com/habibiphr_",
          "value": "habibiphr_",
          "timestamp": 1594654469
        }
      ]
    },
    {
      "title": "",
      "media_list_data": [
        
      ],
      "string_list_data": [
        {
          "href": "https://www.instagram.com/dharmairfan",
          "value": "dharmairfan",
          "timestamp": 1594044326
        }
      ]
    },
    {
      "title": "",
      "media_list_data": [
        
      ],
      "string_list_data": [
        {
          "href": "https://www.instagram.com/febridharm",
          "value": "febridharm",
          "timestamp": 1593178603
        }
      ]
    },
    {
      "title": "",
      "media_list_data": [
        
      ],
      "string_list_data": [
        {
          "href": "https://www.instagram.com/adeliakml",
          "value": "adeliakml",
          "timestamp": 1592399068
        }
      ]
    },
    {
      "title": "",
      "media_list_data": [
        
      ],
      "string_list_data": [
        {
          "href": "https://www.instagram.com/aprlnla_",
          "value": "aprlnla_",
          "timestamp": 1588435667
        }
      ]
    },
    {
      "title": "",
      "media_list_data": [
        
      ],
      "string_list_data": [
        {
          "href": "https://www.instagram.com/scharalli",
          "value": "scharalli",
          "timestamp": 1579872527
        }
      ]
    },
    {
      "title": "",
      "media_list_data": [
        
      ],
      "string_list_data": [
        {
          "href": "https://www.instagram.com/jaraaulia_",
          "value": "jaraaulia_",
          "timestamp": 1578055321
        }
      ]
    },
    {
      "title": "",
      "media_list_data": [
        
      ],
      "string_list_data": [
        {
          "href": "https://www.instagram.com/najmaakm",
          "value": "najmaakm",
          "timestamp": 1577711781
        }
      ]
    },
    {
      "title": "",
      "media_list_data": [
        
      ],
      "string_list_data": [
        {
          "href": "https://www.instagram.com/naufaldhylhq",
          "value": "naufaldhylhq",
          "timestamp": 1576200105
        }
      ]
    },
    {
      "title": "",
      "media_list_data": [
        
      ],
      "string_list_data": [
        {
          "href": "https://www.instagram.com/92.exe",
          "value": "92.exe",
          "timestamp": 1574518638
        }
      ]
    },
    {
      "title": "",
      "media_list_data": [
        
      ],
      "string_list_data": [
        {
          "href": "https://www.instagram.com/fathyahfa",
          "value": "fathyahfa",
          "timestamp": 1573126807
        }
      ]
    },
    {
      "title": "",
      "media_list_data": [
        
      ],
      "string_list_data": [
        {
          "href": "https://www.instagram.com/depok24jam",
          "value": "depok24jam",
          "timestamp": 1572864870
        }
      ]
    },
    {
      "title": "",
      "media_list_data": [
        
      ],
      "string_list_data": [
        {
          "href": "https://www.instagram.com/symll.g",
          "value": "symll.g",
          "timestamp": 1572758445
        }
      ]
    },
    {
      "title": "",
      "media_list_data": [
        
      ],
      "string_list_data": [
        {
          "href": "https://www.instagram.com/zayndira",
          "value": "zayndira",
          "timestamp": 1572613804
        }
      ]
    },
    {
      "title": "",
      "media_list_data": [
        
      ],
      "string_list_data": [
        {
          "href": "https://www.instagram.com/nyyslaa",
          "value": "nyyslaa",
          "timestamp": 1562679296
        }
      ]
    },
    {
      "title": "",
      "media_list_data": [
        
      ],
      "string_list_data": [
        {
          "href": "https://www.instagram.com/dilafdlht",
          "value": "dilafdlht",
          "timestamp": 1559254484
        }
      ]
    },
    {
      "title": "",
      "media_list_data": [
        
      ],
      "string_list_data": [
        {
          "href": "https://www.instagram.com/sabrinanggi12",
          "value": "sabrinanggi12",
          "timestamp": 1552390930
        }
      ]
    },
    {
      "title": "",
      "media_list_data": [
        
      ],
      "string_list_data": [
        {
          "href": "https://www.instagram.com/m.aaamhrz_",
          "value": "m.aaamhrz_",
          "timestamp": 1551587297
        }
      ]
    },
    {
      "title": "",
      "media_list_data": [
        
      ],
      "string_list_data": [
        {
          "href": "https://www.instagram.com/putradrmwn13",
          "value": "putradrmwn13",
          "timestamp": 1549537980
        }
      ]
    },
    {
      "title": "",
      "media_list_data": [
        
      ],
      "string_list_data": [
        {
          "href": "https://www.instagram.com/sultanrayandio",
          "value": "sultanrayandio",
          "timestamp": 1548927169
        }
      ]
    },
    {
      "title": "",
      "media_list_data": [
        
      ],
      "string_list_data": [
        {
          "href": "https://www.instagram.com/01.zikrii",
          "value": "01.zikrii",
          "timestamp": 1548229082
        }
      ]
    },
    {
      "title": "",
      "media_list_data": [
        
      ],
      "string_list_data": [
        {
          "href": "https://www.instagram.com/andraagnarr",
          "value": "andraagnarr",
          "timestamp": 1548063163
        }
      ]
    },
    {
      "title": "",
      "media_list_data": [
        
      ],
      "string_list_data": [
        {
          "href": "https://www.instagram.com/tgr.rzky1",
          "value": "tgr.rzky1",
          "timestamp": 1534312629
        }
      ]
    },
    {
      "title": "",
      "media_list_data": [
        
      ],
      "string_list_data": [
        {
          "href": "https://www.instagram.com/tanayazr",
          "value": "tanayazr",
          "timestamp": 1519215208
        }
      ]
    },
    {
      "title": "",
      "media_list_data": [
        
      ],
      "string_list_data": [
        {
          "href": "https://www.instagram.com/patur.rhmnn",
          "value": "patur.rhmnn",
          "timestamp": 1515931990
        }
      ]
    },
    {
      "title": "",
      "media_list_data": [
        
      ],
      "string_list_data": [
        {
          "href": "https://www.instagram.com/dimasnceka",
          "value": "dimasnceka",
          "timestamp": 1513225630
        }
      ]
    },
    {
      "title": "",
      "media_list_data": [
        
      ],
      "string_list_data": [
        {
          "href": "https://www.instagram.com/feby.ph",
          "value": "feby.ph",
          "timestamp": 1512564040
        }
      ]
    },
    {
      "title": "",
      "media_list_data": [
        
      ],
      "string_list_data": [
        {
          "href": "https://www.instagram.com/rbniilham_",
          "value": "rbniilham_",
          "timestamp": 1511965452
        }
      ]
    },
    {
      "title": "",
      "media_list_data": [
        
      ],
      "string_list_data": [
        {
          "href": "https://www.instagram.com/azhrhmam_",
          "value": "azhrhmam_",
          "timestamp": 1505827781
        }
      ]
    },
    {
      "title": "",
      "media_list_data": [
        
      ],
      "string_list_data": [
        {
          "href": "https://www.instagram.com/fanyamr_",
          "value": "fanyamr_",
          "timestamp": 1505628468
        }
      ]
    },
    {
      "title": "",
      "media_list_data": [
        
      ],
      "string_list_data": [
        {
          "href": "https://www.instagram.com/samsul.4u",
          "value": "samsul.4u",
          "timestamp": 1505572261
        }
      ]
    },
    {
      "title": "",
      "media_list_data": [
        
      ],
      "string_list_data": [
        {
          "href": "https://www.instagram.com/naylamandaputri",
          "value": "naylamandaputri",
          "timestamp": 1505562866
        }
      ]
    },
    {
      "title": "",
      "media_list_data": [
        
      ],
      "string_list_data": [
        {
          "href": "https://www.instagram.com/m_wirayuda",
          "value": "m_wirayuda",
          "timestamp": 1504709151
        }
      ]
    },
    {
      "title": "",
      "media_list_data": [
        
      ],
      "string_list_data": [
        {
          "href": "https://www.instagram.com/autsilaaaa_",
          "value": "autsilaaaa_",
          "timestamp": 1503638883
        }
      ]
    },
    {
      "title": "",
      "media_list_data": [
        
      ],
      "string_list_data": [
        {
          "href": "https://www.instagram.com/syamilgazaa",
          "value": "syamilgazaa",
          "timestamp": 1502972811
        }
      ]
    },
    {
      "title": "",
      "media_list_data": [
        
      ],
      "string_list_data": [
        {
          "href": "https://www.instagram.com/alpinedf_",
          "value": "alpinedf_",
          "timestamp": 1502377133
        }
      ]
    },
    {
      "title": "",
      "media_list_data": [
        
      ],
      "string_list_data": [
        {
          "href": "https://www.instagram.com/kyara.azwa",
          "value": "kyara.azwa",
          "timestamp": 1501761781
        }
      ]
    },
    {
      "title": "",
      "media_list_data": [
        
      ],
      "string_list_data": [
        {
          "href": "https://www.instagram.com/annisofiyantii",
          "value": "annisofiyantii",
          "timestamp": 1501290596
        }
      ]
    },
    {
      "title": "",
      "media_list_data": [
        
      ],
      "string_list_data": [
        {
          "href": "https://www.instagram.com/nayaraazzca",
          "value": "nayaraazzca",
          "timestamp": 1501234755
        }
      ]
    },
    {
      "title": "",
      "media_list_data": [
        
      ],
      "string_list_data": [
        {
          "href": "https://www.instagram.com/pujiharyati87",
          "value": "pujiharyati87",
          "timestamp": 1498723548
        }
      ]
    },
    {
      "title": "",
      "media_list_data": [
        
      ],
      "string_list_data": [
        {
          "href": "https://www.instagram.com/rianvv_",
          "value": "rianvv_",
          "timestamp": 1498355079
        }
      ]
    },
    {
      "title": "",
      "media_list_data": [
        
      ],
      "string_list_data": [
        {
          "href": "https://www.instagram.com/valentt._",
          "value": "valentt._",
          "timestamp": 1495508994
        }
      ]
    },
    {
      "title": "",
      "media_list_data": [
        
      ],
      "string_list_data": [
        {
          "href": "https://www.instagram.com/doddymulle",
          "value": "doddymulle",
          "timestamp": 1493614844
        }
      ]
    },
    {
      "title": "",
      "media_list_data": [
        
      ],
      "string_list_data": [
        {
          "href": "https://www.instagram.com/bary_razan",
          "value": "bary_razan",
          "timestamp": 1475279209
        }
      ]
    }
  ]
}