{
  "relationships_follow_requests_received": [
    {
      "title": "",
      "media_list_data": [
        
      ],
      "string_list_data": [
        {
          "href": "https://www.instagram.com/np.freelance",
          "value": "np.freelance",
          "timestamp": 1751599912
        }
      ]
    },
    {
      "title": "",
      "media_list_data": [
        
      ],
      "string_list_data": [
        {
          "href": "https://www.instagram.com/cielicaa_",
          "value": "cielicaa_",
          "timestamp": 1747589539
        }
      ]
    },
    {
      "title": "",
      "media_list_data": [
        
      ],
      "string_list_data": [
        {
          "href": "https://www.instagram.com/lizzwlandrii",
          "value": "lizzwlandrii",
          "timestamp": 1743254415
        }
      ]
    },
    {
      "title": "",
      "media_list_data": [
        
      ],
      "string_list_data": [
        {
          "href": "https://www.instagram.com/baboners_",
          "value": "baboners_",
          "timestamp": 1740747859
        }
      ]
    },
    {
      "title": "",
      "media_list_data": [
        
      ],
      "string_list_data": [
        {
          "href": "https://www.instagram.com/carshelschiatoooo",
          "value": "carshelschiatoooo",
          "timestamp": 1740399023
        }
      ]
    }
  ]
}