{
  "relationships_follow_requests_sent": [
    {
      "title": "",
      "media_list_data": [
        
      ],
      "string_list_data": [
        {
          "href": "https://www.instagram.com/miamorzaa",
          "value": "miamorzaa",
          "timestamp": 1750942718
        }
      ]
    },
    {
      "title": "",
      "media_list_data": [
        
      ],
      "string_list_data": [
        {
          "href": "https://www.instagram.com/raishkaim_",
          "value": "raishkaim_",
          "timestamp": 1750942591
        }
      ]
    },
    {
      "title": "",
      "media_list_data": [
        
      ],
      "string_list_data": [
        {
          "href": "https://www.instagram.com/sweetlyjane3",
          "value": "sweetlyjane3",
          "timestamp": 1715371910
        }
      ]
    },
    {
      "title": "",
      "media_list_data": [
        
      ],
      "string_list_data": [
        {
          "href": "https://www.instagram.com/kh_anindya",
          "value": "kh_anindya",
          "timestamp": 1714276368
        }
      ]
    },
    {
      "title": "",
      "media_list_data": [
        
      ],
      "string_list_data": [
        {
          "href": "https://www.instagram.com/halonayladisini",
          "value": "halonayladisini",
          "timestamp": 1711644253
        }
      ]
    },
    {
      "title": "",
      "media_list_data": [
        
      ],
      "string_list_data": [
        {
          "href": "https://www.instagram.com/najwaasabilla",
          "value": "najwaasabilla",
          "timestamp": 1690029433
        }
      ]
    },
    {
      "title": "",
      "media_list_data": [
        
      ],
      "string_list_data": [
        {
          "href": "https://www.instagram.com/barayfamiglia",
          "value": "barayfamiglia",
          "timestamp": 1676600933
        }
      ]
    },
    {
      "title": "",
      "media_list_data": [
        
      ],
      "string_list_data": [
        {
          "href": "https://www.instagram.com/baray_1702",
          "value": "baray_1702",
          "timestamp": 1575025208
        }
      ]
    },
    {
      "title": "",
      "media_list_data": [
        
      ],
      "string_list_data": [
        {
          "href": "https://www.instagram.com/kelas6.lsp",
          "value": "kelas6.lsp",
          "timestamp": 1508759406
        }
      ]
    },
    {
      "title": "",
      "media_list_data": [
        
      ],
      "string_list_data": [
        {
          "href": "https://www.instagram.com/valishafanggawaa",
          "value": "valishafanggawaa",
          "timestamp": 1506949269
        }
      ]
    },
    {
      "title": "",
      "media_list_data": [
        
      ],
      "string_list_data": [
        {
          "href": "https://www.instagram.com/m_cahya_hidayah",
          "value": "m_cahya_hidayah",
          "timestamp": 1504140049
        }
      ]
    },
    {
      "title": "",
      "media_list_data": [
        
      ],
      "string_list_data": [
        {
          "href": "https://www.instagram.com/arin.da_",
          "value": "arin.da_",
          "timestamp": 1491550867
        }
      ]
    },
    {
      "title": "",
      "media_list_data": [
        
      ],
      "string_list_data": [
        {
          "href": "https://www.instagram.com/pirrreee",
          "value": "pirrreee",
          "timestamp": 1491548350
        }
      ]
    },
    {
      "title": "",
      "media_list_data": [
        
      ],
      "string_list_data": [
        {
          "href": "https://www.instagram.com/praditheee",
          "value": "praditheee",
          "timestamp": 1491464097
        }
      ]
    },
    {
      "title": "",
      "media_list_data": [
        
      ],
      "string_list_data": [
        {
          "href": "https://www.instagram.com/sasageo_2310",
          "value": "sasageo_2310",
          "timestamp": 1490704738
        }
      ]
    },
    {
      "title": "",
      "media_list_data": [
        
      ],
      "string_list_data": [
        {
          "href": "https://www.instagram.com/nafisha.s.mardiyah",
          "value": "nafisha.s.mardiyah",
          "timestamp": 1488107351
        }
      ]
    }
  ]
}