{
  "relationships_unfollowed_users": [
    {
      "title": "",
      "media_list_data": [
        
      ],
      "string_list_data": [
        {
          "href": "https://www.instagram.com/zaahir_an",
          "value": "zaahir_an",
          "timestamp": 1751479839
        }
      ]
    },
    {
      "title": "",
      "media_list_data": [
        
      ],
      "string_list_data": [
        {
          "href": "https://www.instagram.com/2208mit",
          "value": "2208mit",
          "timestamp": 1751479708
        }
      ]
    },
    {
      "title": "",
      "media_list_data": [
        
      ],
      "string_list_data": [
        {
          "href": "https://www.instagram.com/mumtazsamadikun765",
          "value": "mumtazsamadikun765",
          "timestamp": 1751479656
        }
      ]
    },
    {
      "title": "",
      "media_list_data": [
        
      ],
      "string_list_data": [
        {
          "href": "https://www.instagram.com/zrrrrptr",
          "value": "zrrrrptr",
          "timestamp": 1751139874
        }
      ]
    },
    {
      "title": "",
      "media_list_data": [
        
      ],
      "string_list_data": [
        {
          "href": "https://www.instagram.com/aditbekasmulet",
          "value": "aditbekasmulet",
          "timestamp": 1750833772
        }
      ]
    },
    {
      "title": "",
      "media_list_data": [
        
      ],
      "string_list_data": [
        {
          "href": "https://www.instagram.com/raishkaim_",
          "value": "raishkaim_",
          "timestamp": 1750832253
        }
      ]
    },
    {
      "title": "",
      "media_list_data": [
        
      ],
      "string_list_data": [
        {
          "href": "https://www.instagram.com/kangdudung_ustadzcinta",
          "value": "kangdudung_ustadzcinta",
          "timestamp": 1750790274
        }
      ]
    },
    {
      "title": "",
      "media_list_data": [
        
      ],
      "string_list_data": [
        {
          "href": "https://www.instagram.com/mhmdalvin21_",
          "value": "mhmdalvin21_",
          "timestamp": 1750790261
        }
      ]
    },
    {
      "title": "",
      "media_list_data": [
        
      ],
      "string_list_data": [
        {
          "href": "https://www.instagram.com/atayarizki24",
          "value": "atayarizki24",
          "timestamp": 1750790235
        }
      ]
    }
  ]
}