{
  "relationships_permanent_follow_requests": [
    {
      "title": "",
      "media_list_data": [
        
      ],
      "string_list_data": [
        {
          "href": "https://www.instagram.com/daprrrrrrrrrrrrrrr",
          "value": "daprrrrrrrrrrrrrrr",
          "timestamp": 1751393718
        }
      ]
    },
    {
      "title": "",
      "media_list_data": [
        
      ],
      "string_list_data": [
        {
          "href": "https://www.instagram.com/zrrrrptr",
          "value": "zrrrrptr",
          "timestamp": 1751093799
        }
      ]
    },
    {
      "title": "",
      "media_list_data": [
        
      ],
      "string_list_data": [
        {
          "href": "https://www.instagram.com/miamorzaa",
          "value": "miamorzaa",
          "timestamp": 1750942718
        }
      ]
    },
    {
      "title": "",
      "media_list_data": [
        
      ],
      "string_list_data": [
        {
          "href": "https://www.instagram.com/raishkaim_",
          "value": "raishkaim_",
          "timestamp": 1750942591
        }
      ]
    },
    {
      "title": "",
      "media_list_data": [
        
      ],
      "string_list_data": [
        {
          "href": "https://www.instagram.com/jascon.jk",
          "value": "jascon.jk",
          "timestamp": 1746623018
        }
      ]
    },
    {
      "title": "",
      "media_list_data": [
        
      ],
      "string_list_data": [
        {
          "href": "https://www.instagram.com/crshaurellia",
          "value": "crshaurellia",
          "timestamp": 1744916570
        }
      ]
    },
    {
      "title": "",
      "media_list_data": [
        
      ],
      "string_list_data": [
        {
          "href": "https://www.instagram.com/shyllarss",
          "value": "shyllarss",
          "timestamp": 1744774022
        }
      ]
    }
  ]
}