{
  "relationships_dismissed_suggested_users": [
    {
      "title": "",
      "media_list_data": [
        
      ],
      "string_list_data": [
        {
          "href": "https://www.instagram.com/thltlen",
          "value": "thltlen",
          "timestamp": 1736863811
        }
      ]
    },
    {
      "title": "",
      "media_list_data": [
        
      ],
      "string_list_data": [
        {
          "href": "https://www.instagram.com/mdhanij12",
          "value": "mdhanij12",
          "timestamp": 1736863801
        }
      ]
    }
  ]
}